fips,county,state,in_returns,in_agi_k,out_returns,out_agi_k
01001,Autauga,AL,2120,135795,1888,115092
01003,Baldwin,AL,7537,639323,5555,395802
01005,Barbour,AL,377,17685,492,19330
01007,Bibb,AL,416,22039,409,18086
01009,Blount,AL,1261,67438,1262,66771
01011,Bullock,AL,150,6051,188,8272
01013,Butler,AL,269,10131,370,14554
01015,Calhoun,AL,2396,110146,2399,113052
01017,Chambers,AL,779,35496,850,35210
01019,Cherokee,AL,686,40826,556,26512
01021,Chilton,AL,948,50971,813,38751
01023,Choctaw,AL,151,6710,184,7242
01025,Clarke,AL,347,14436,443,20368
01027,Clay,AL,285,12687,285,13001
01029,Cleburne,AL,372,19390,328,17272
01031,Coffee,AL,2045,112413,1951,110012
01033,Colbert,AL,1551,87970,1389,71247
01035,Conecuh,AL,205,8248,229,9667
01037,Coosa,AL,288,14921,240,10433
01039,Covington,AL,703,33768,668,27460
01041,Crenshaw,AL,319,13498,280,11167
01043,Cullman,AL,1949,122081,1485,82041
01045,Dale,AL,2263,117050,2189,112253
01047,Dallas,AL,490,20084,671,27497
01049,DeKalb,AL,1400,70653,1280,54613
01051,Elmore,AL,2389,145919,2201,131973
01053,Escambia,AL,687,31638,671,27551
01055,Etowah,AL,2106,117850,1941,99235
01057,Fayette,AL,296,13359,333,13737
01059,Franklin,AL,524,22402,628,29948
01061,Geneva,AL,707,32238,576,24048
01063,Greene,AL,124,4862,174,6107
01065,Hale,AL,443,20573,354,15344
01067,Henry,AL,477,27685,451,20421
01069,Houston,AL,2834,144200,2684,147924
01071,Jackson,AL,1222,67627,962,47432
01073,Jefferson,AL,13148,875290,14189,1033409
01075,Lamar,AL,227,9167,263,11068
01077,Lauderdale,AL,2127,115728,2042,104773
01079,Lawrence,AL,742,38225,586,29440
01081,Lee,AL,5251,363246,5086,290668
01083,Limestone,AL,3945,292102,2792,211229
01085,Lowndes,AL,215,10325,240,9732
01087,Macon,AL,346,13643,410,17003
01089,Madison,AL,11942,830949,9449,693408
01091,Marengo,AL,341,14592,410,16205
01093,Marion,AL,668,29461,610,25941
01095,Marshall,AL,2167,136231,2015,97964
01097,Mobile,AL,6065,328812,6394,361090
01099,Monroe,AL,302,13726,373,18280
01101,Montgomery,AL,4601,258275,5708,393132
01103,Morgan,AL,2707,157199,2580,141656
01105,Perry,AL,147,5363,174,5148
01107,Pickens,AL,249,11685,351,16688
01109,Pike,AL,843,37612,937,40083
01111,Randolph,AL,528,31681,472,23910
01113,Russell,AL,2365,104065,2370,105194
01115,St. Clair,AL,2849,178728,2310,136562
01117,Shelby,AL,7006,530116,6407,505002
01119,Sumter,AL,173,6254,232,8978
01121,Talladega,AL,1927,102970,1724,82251
01123,Tallapoosa,AL,898,75665,979,65453
01125,Tuscaloosa,AL,4309,221451,4590,263469
01127,Walker,AL,1164,65444,1000,46489
01129,Washington,AL,307,14828,323,13489
01131,Wilcox,AL,158,6319,230,9812
01133,Winston,AL,544,31763,540,29033
02013,Aleutians East,AK,30,1742,69,4442
02016,Aleutians West,AK,194,10966,144,10811
02020,Anchorage,AK,7972,511560,8720,656027
02050,Bethel,AK,193,10673,352,26899
02063,Chugach,AK,222,13828,250,20301
02066,Copper River,AK,97,5886,78,4436
02068,Denali,AK,85,5267,82,5901
02070,Dillingham,AK,36,1460,90,6004
02090,Fairbanks North Star,AK,3553,193006,4079,268450
02100,Haines,AK,70,5425,64,4397
02105,Hoonah-Angoon,AK,54,4219,65,4183
02110,Juneau,AK,877,63847,992,76878
02122,Kenai Peninsula,AK,1665,128713,1531,108240
02130,Ketchikan Gateway,AK,416,26962,417,29712
02150,Kodiak Island,AK,439,25614,522,37273
02158,Kusilvak,AK,48,1637,116,3427
02170,Matanuska-Susitna,AK,3107,238150,2736,173387
02180,Nome,AK,88,5922,145,9837
02185,North Slope,AK,38,2027,118,11863
02188,Northwest Arctic,AK,66,3938,95,7387
02195,Petersburg,AK,54,3557,63,3644
02198,Prince of Wales-Hyder,AK,103,6232,95,6240
02220,Sitka,AK,325,19777,302,20778
02230,Skagway,AK,20,1194,27,1392
02240,Southeast Fairbanks,AK,198,13843,211,14183
02275,Wrangell,AK,24,2457,47,3120
02290,Yukon-Koyukuk,AK,68,3895,134,7558
04001,Apache,AZ,1378,63787,1719,74220
04003,Cochise,AZ,3805,217082,3557,198904
04005,Coconino,AZ,4782,293451,5473,346088
04007,Gila,AZ,1474,102214,1253,81341
04009,Graham,AZ,722,42202,637,34433
04011,Greenlee,AZ,257,14738,249,16586
04012,La Paz,AZ,674,32665,557,28397
04013,Maricopa,AZ,91115,8070043,85508,6677200
04015,Mohave,AZ,7036,479513,5267,294137
04017,Navajo,AZ,2949,178184,2676,148020
04019,Pima,AZ,22250,1698782,20633,1458533
04021,Pinal,AZ,20487,1439744,13717,817434
04023,Santa Cruz,AZ,990,57527,1146,55097
04025,Yavapai,AZ,8393,752506,6696,460378
04027,Yuma,AZ,4851,263859,4742,257250
05001,Arkansas,AR,306,11726,370,18100
05003,Ashley,AR,286,10671,336,13800
05005,Baxter,AR,1251,69976,1046,53059
05007,Benton,AR,10730,847559,8157,627249
05009,Boone,AR,925,46921,894,38696
05011,Bradley,AR,159,5936,187,8702
05013,Calhoun,AR,95,4546,109,4787
05015,Carroll,AR,784,43693,758,32269
05017,Chicot,AR,156,7625,215,8988
05019,Clark,AR,547,21344,551,26721
05021,Clay,AR,330,13006,321,13113
05023,Cleburne,AR,778,47703,725,35695
05025,Cleveland,AR,162,7693,186,7403
05027,Columbia,AR,412,18358,435,21574
05029,Conway,AR,518,22247,512,22716
05031,Craighead,AR,3092,144067,2872,143252
05033,Crawford,AR,1784,82801,1561,68476
05035,Crittenden,AR,1019,41944,1097,50028
05037,Cross,AR,311,12821,394,16542
05039,Dallas,AR,178,7825,170,5924
05041,Desha,AR,193,7276,263,9986
05043,Drew,AR,479,17218,407,16663
05045,Faulkner,AR,3950,202301,3395,169644
05047,Franklin,AR,467,23381,434,18698
05049,Fulton,AR,388,18937,338,12555
05051,Garland,AR,2534,157012,2504,144271
05053,Grant,AR,517,27978,459,22821
05055,Greene,AR,1124,48537,986,37824
05057,Hempstead,AR,335,13017,442,17216
05059,Hot Spring,AR,843,39523,767,32079
05061,Howard,AR,245,10832,270,9716
05063,Independence,AR,812,37845,796,36793
05065,Izard,AR,394,18557,278,10728
05067,Jackson,AR,304,9936,276,11543
05069,Jefferson,AR,1175,41792,1388,59461
05071,Johnson,AR,608,26829,587,22206
05073,Lafayette,AR,133,5287,138,5011
05075,Lawrence,AR,420,16282,428,17132
05077,Lee,AR,142,3974,168,5293
05079,Lincoln,AR,195,9352,231,9191
05081,Little River,AR,270,11452,263,10769
05083,Logan,AR,504,21900,473,20577
05085,Lonoke,AR,2637,145047,2457,124626
05087,Madison,AR,570,29755,427,23927
05089,Marion,AR,622,34218,468,19749
05091,Miller,AR,1333,75744,1307,53486
05093,Mississippi,AR,737,30029,797,33023
05095,Monroe,AR,130,4720,146,5502
05097,Montgomery,AR,190,10159,208,8902
05099,Nevada,AR,171,6172,183,7830
05101,Newton,AR,192,10024,158,7324
05103,Ouachita,AR,462,20290,546,28345
05105,Perry,AR,257,14378,231,9943
05107,Phillips,AR,231,6990,354,12751
05109,Pike,AR,240,12241,235,10142
05111,Poinsett,AR,543,19121,577,22050
05113,Polk,AR,391,24528,364,13633
05115,Pope,AR,1565,74000,1521,68882
05117,Prairie,AR,167,8184,147,6360
05119,Pulaski,AR,10000,539464,10279,635241
05121,Randolph,AR,451,19775,397,15542
05123,St. Francis,AR,371,12520,490,17497
05125,Saline,AR,3942,248164,3331,191011
05127,Scott,AR,234,9217,192,7487
05129,Searcy,AR,186,9890,217,6644
05131,Sebastian,AR,3400,158865,3332,179298
05133,Sevier,AR,266,11268,257,9472
05135,Sharp,AR,617,26273,530,19882
05137,Stone,AR,299,16894,218,7804
05139,Union,AR,571,28800,722,38017
05141,Van Buren,AR,448,22358,401,18802
05143,Washington,AR,8366,517747,7428,422920
05145,White,AR,1935,99749,1772,88230
05147,Woodruff,AR,76,2201,123,5146
05149,Yell,AR,511,23095,573,24901
06001,Alameda,CA,40332,4962075,47991,6274617
06003,Alpine,CA,22,2125,60,4674
06005,Amador,CA,1150,96849,1053,76549
06007,Butte,CA,4691,245538,4394,259414
06009,Calaveras,CA,1327,118746,1306,103587
06011,Colusa,CA,321,15156,404,25147
06013,Contra Costa,CA,24773,3297771,28629,3749737
06015,Del Norte,CA,487,26282,504,28252
06017,El Dorado,CA,5526,647399,5822,553703
06019,Fresno,CA,11461,667994,13544,843093
06021,Glenn,CA,567,31849,641,31036
06023,Humboldt,CA,2533,135060,2878,147258
06025,Imperial,CA,2357,105409,3053,146266
06027,Inyo,CA,514,32161,470,29214
06029,Kern,CA,12256,674602,13537,844774
06031,Kings,CA,3041,153164,3338,185767
06033,Lake,CA,1347,86560,1352,72927
06035,Lassen,CA,552,28576,699,41116
06037,Los Angeles,CA,120704,10751839,159816,14984668
06039,Madera,CA,3284,207501,3026,158922
06041,Marin,CA,5986,1396330,6932,1149946
06043,Mariposa,CA,503,40917,528,30342
06045,Mendocino,CA,1507,102795,1755,114885
06047,Merced,CA,4705,240923,5367,290835
06049,Modoc,CA,150,7328,199,8971
06051,Mono,CA,426,33217,527,44301
06053,Monterey,CA,6765,686102,9144,699723
06055,Napa,CA,3129,432135,3498,333809
06057,Nevada,CA,3165,383301,3249,296112
06059,Orange,CA,57152,5949788,68770,6617147
06061,Placer,CA,13861,1432553,11869,1046605
06063,Plumas,CA,484,31793,582,44093
06065,Riverside,CA,54646,4179921,53100,3783572
06067,Sacramento,CA,31194,2237344,33522,2469808
06069,San Benito,CA,1660,135341,1697,131183
06071,San Bernardino,CA,45986,2784879,49029,3086002
06073,San Diego,CA,68029,6126023,73553,6335265
06075,San Francisco,CA,33135,4660511,33437,6585204
06077,San Joaquin,CA,15142,1290256,15241,1033640
06079,San Luis Obispo,CA,6401,664867,6516,501804
06081,San Mateo,CA,21292,3543182,23959,4434484
06083,Santa Barbara,CA,7669,888891,9790,829001
06085,Santa Clara,CA,42718,6147645,51381,8954901
06087,Santa Cruz,CA,5384,611874,6553,610155
06089,Shasta,CA,3730,247183,3746,221816
06091,Sierra,CA,63,6816,72,4776
06093,Siskiyou,CA,831,52099,1100,56926
06095,Solano,CA,11203,828978,11373,830211
06097,Sonoma,CA,9172,1030695,9300,892316
06099,Stanislaus,CA,8834,535898,9801,609818
06101,Sutter,CA,2038,104096,2484,140397
06103,Tehama,CA,1371,76539,1536,77249
06105,Trinity,CA,232,13126,236,11820
06107,Tulare,CA,5372,288860,6240,339642
06109,Tuolumne,CA,1238,88249,1296,100060
06111,Ventura,CA,14969,1505547,17239,1651193
06113,Yolo,CA,6170,429613,7286,534413
06115,Yuba,CA,3142,181823,2784,147314
08001,Adams,CO,23555,1507914,22046,1538534
08003,Alamosa,CO,582,28320,537,25389
08005,Arapahoe,CO,30681,2325379,32433,2805523
08007,Archuleta,CO,581,56660,527,38561
08009,Baca,CO,37,1941,58,2991
08011,Bent,CO,147,4418,95,3932
08013,Boulder,CO,13277,1302340,14140,1249227
08014,Broomfield,CO,5561,489237,5344,491616
08015,Chaffee,CO,1049,99750,818,54274
08017,Cheyenne,CO,28,1158,35,2680
08019,Clear Creek,CO,460,44556,435,32757
08021,Conejos,CO,139,7049,165,7469
08023,Costilla,CO,135,5661,87,3783
08025,Crowley,CO,83,3493,100,3133
08027,Custer,CO,261,23262,219,15491
08029,Delta,CO,1010,62787,818,44156
08031,Denver,CO,47546,4016889,45405,4288741
08033,Dolores,CO,42,2447,32,1579
08035,Douglas,CO,17774,1989975,15148,1642711
08037,Eagle,CO,2003,281942,2377,235821
08039,Elbert,CO,1311,130836,1049,90395
08041,El Paso,CO,27597,1816022,26815,1769985
08043,Fremont,CO,1382,86363,1326,69855
08045,Garfield,CO,2010,198198,1900,139868
08047,Gilpin,CO,262,24484,294,21017
08049,Grand,CO,805,85658,744,56743
08051,Gunnison,CO,680,65010,661,48462
08055,Huerfano,CO,253,17507,255,13389
08059,Jefferson,CO,28132,2371477,26341,2211314
08061,Kiowa,CO,20,1008,25,754
08063,Kit Carson,CO,145,7101,144,8028
08065,Lake,CO,361,22968,348,20619
08067,La Plata,CO,1990,176431,1960,147667
08069,Larimer,CO,14657,1124432,13955,999931
08071,Las Animas,CO,382,20819,395,16985
08073,Lincoln,CO,101,4184,173,8127
08075,Logan,CO,483,23812,546,28574
08077,Mesa,CO,4234,296885,3407,199923
08081,Moffat,CO,402,21962,381,21589
08083,Montezuma,CO,724,40317,642,35499
08085,Montrose,CO,1465,102932,1194,72301
08087,Morgan,CO,708,36637,799,42907
08089,Otero,CO,426,17315,455,18980
08091,Ouray,CO,259,39527,226,20698
08093,Park,CO,829,76011,782,55659
08095,Phillips,CO,98,4746,106,6414
08097,Pitkin,CO,782,128868,931,179423
08099,Prowers,CO,211,9216,246,10547
08101,Pueblo,CO,3914,203408,3719,211491
08103,Rio Blanco,CO,171,9393,211,12925
08105,Rio Grande,CO,359,20005,423,18195
08107,Routt,CO,1008,139370,1109,107456
08109,Saguache,CO,211,10482,191,9884
08113,San Miguel,CO,322,55450,370,55203
08115,Sedgwick,CO,76,3146,54,1976
08117,Summit,CO,1692,227320,1853,200417
08119,Teller,CO,1189,95079,1199,81382
08121,Washington,CO,94,5154,97,3970
08123,Weld,CO,13725,1008410,10885,764255
08125,Yuma,CO,162,7198,266,13529
09110,Capitol Planning Region,CT,18325,1373013,19946,1671486
09120,Greater Bridgeport Planning Regio,CT,7496,691364,8829,746171
09130,Lower Connecticut River Valley Pl,CT,5127,444646,5198,461065
09140,Naugatuck Valley Planning Region,CT,11370,749243,11055,772976
09150,Northeastern Connecticut Planning,CT,2477,158535,2161,136885
09160,Northwest Hills Planning Region,CT,2914,312297,2806,286822
09170,South Central Connecticut Plannin,CT,13287,995296,14459,1210750
09180,Southeastern Connecticut Planning,CT,7289,490656,6964,486256
09190,Western Connecticut Planning Regi,CT,14687,2726757,17228,2629378
10001,Kent,DE,5247,298268,4476,250552
10003,New Castle,DE,11993,928409,11759,929288
10005,Sussex,DE,8366,938623,5317,421381
11001,District of Columbia,DC,32848,2825041,31175,3652385
12001,Alachua,FL,9411,580816,9865,621931
12003,Baker,FL,715,39922,551,26553
12005,Bay,FL,7689,576184,5560,339850
12007,Bradford,FL,831,41405,656,28999
12009,Brevard,FL,20098,1630727,15118,1031284
12011,Broward,FL,51616,4679431,57798,4332751
12013,Calhoun,FL,296,12457,318,14803
12015,Charlotte,FL,9405,914344,7526,527704
12017,Citrus,FL,6689,472220,4382,238487
12019,Clay,FL,9762,635259,8419,515340
12021,Collier,FL,13658,3879996,12916,1625589
12023,Columbia,FL,2024,109907,1736,80876
12027,DeSoto,FL,1084,57973,893,38116
12029,Dixie,FL,517,23767,317,12373
12031,Duval,FL,31125,2093684,29019,1979435
12033,Escambia,FL,11560,722302,10694,666942
12035,Flagler,FL,6284,577635,4192,261312
12037,Franklin,FL,353,36289,298,21271
12039,Gadsden,FL,1102,46653,1057,48423
12041,Gilchrist,FL,739,41086,575,25416
12043,Glades,FL,508,26777,406,23527
12045,Gulf,FL,603,66573,427,28585
12047,Hamilton,FL,357,16419,310,13486
12049,Hardee,FL,640,30270,623,26828
12051,Hendry,FL,1575,78588,1200,56844
12053,Hernando,FL,8380,515150,6088,305135
12055,Highlands,FL,3611,203962,2879,146824
12057,Hillsborough,FL,48852,3816646,48465,3511616
12059,Holmes,FL,585,27327,472,19985
12061,Indian River,FL,5920,795594,4969,413950
12063,Jackson,FL,1170,58347,981,43666
12065,Jefferson,FL,466,29012,376,19278
12067,Lafayette,FL,208,10074,124,5491
12069,Lake,FL,19290,1560329,13117,780159
12071,Lee,FL,27621,3420148,25404,2156458
12073,Leon,FL,8416,438504,9726,548165
12075,Levy,FL,1862,108558,1363,61827
12077,Liberty,FL,178,7587,151,6317
12079,Madison,FL,506,25405,357,15951
12081,Manatee,FL,18116,2208399,13631,1094664
12083,Marion,FL,15821,1041587,9892,535111
12085,Martin,FL,6226,892425,5639,509154
12086,Miami-Dade,FL,42843,5479702,64022,4981491
12087,Monroe,FL,3303,567983,3714,388391
12089,Nassau,FL,4291,614963,3008,228925
12091,Okaloosa,FL,9353,677465,9506,644508
12093,Okeechobee,FL,1275,68112,1032,51433
12095,Orange,FL,51573,3450846,55489,3423149
12097,Osceola,FL,21519,1290893,18997,1000340
12099,Palm Beach,FL,39704,7070679,40922,4031929
12101,Pasco,FL,28254,2160146,19268,1200107
12103,Pinellas,FL,31450,3007788,30644,2288681
12105,Polk,FL,30845,1748740,21697,1160328
12107,Putnam,FL,2290,126195,1704,81155
12109,St. Johns,FL,13294,1735054,9220,903127
12111,St. Lucie,FL,15912,1224172,10952,666991
12113,Santa Rosa,FL,7977,641777,6588,439009
12115,Sarasota,FL,18058,2557988,16177,1403568
12117,Seminole,FL,20096,1260212,20240,1345389
12119,Sumter,FL,8009,848584,4998,449721
12121,Suwannee,FL,1498,75603,1175,48896
12123,Taylor,FL,467,30229,356,21025
12125,Union,FL,384,16753,322,14364
12127,Volusia,FL,19895,1451901,15759,903039
12129,Wakulla,FL,1285,90511,864,48234
12131,Walton,FL,3980,709973,2879,332252
12133,Washington,FL,820,40507,703,29790
13001,Appling,GA,324,13243,294,10957
13003,Atkinson,GA,163,5138,166,6007
13005,Bacon,GA,182,7279,196,10743
13007,Baker,GA,70,2477,62,2339
13009,Baldwin,GA,1097,55105,1078,48533
13011,Banks,GA,802,51334,637,30530
13013,Barrow,GA,4171,258800,3000,181015
13015,Bartow,GA,4103,241620,3227,189589
13017,Ben Hill,GA,331,11696,365,15256
13019,Berrien,GA,555,23124,409,15045
13021,Bibb,GA,4300,199860,4551,243138
13023,Bleckley,GA,251,11366,268,10077
13025,Brantley,GA,459,19664,402,15836
13027,Brooks,GA,447,27639,412,23941
13029,Bryan,GA,2418,196482,2108,147391
13031,Bulloch,GA,2632,118271,2379,100720
13033,Burke,GA,573,27666,635,33824
13035,Butts,GA,962,52367,798,42232
13037,Calhoun,GA,104,3072,103,3960
13039,Camden,GA,2529,158387,2197,119608
13043,Candler,GA,235,9587,214,9330
13045,Carroll,GA,4106,219906,3382,169939
13047,Catoosa,GA,2215,119189,2027,109545
13049,Charlton,GA,284,12015,260,11753
13051,Chatham,GA,10658,720861,10381,645368
13053,Chattahoochee,GA,774,39884,801,40941
13055,Chattooga,GA,513,21920,434,18095
13057,Cherokee,GA,10753,976251,9098,715815
13059,Clarke,GA,4892,240200,5288,312454
13061,Clay,GA,87,4806,80,3847
13063,Clayton,GA,12638,439375,13645,489745
13065,Clinch,GA,108,3676,119,4240
13067,Cobb,GA,28282,2084466,29585,2371200
13069,Coffee,GA,686,26957,732,30341
13071,Colquitt,GA,713,29925,737,26806
13073,Columbia,GA,5973,401595,5644,395338
13075,Cook,GA,473,20114,428,15596
13077,Coweta,GA,5200,397271,4557,334522
13079,Crawford,GA,353,15460,323,14461
13081,Crisp,GA,410,17883,469,21141
13083,Dade,GA,392,24397,352,17135
13085,Dawson,GA,1837,148420,1196,98591
13087,Decatur,GA,553,22791,568,26089
13089,DeKalb,GA,32260,2212985,34561,2496989
13091,Dodge,GA,357,15423,364,12085
13093,Dooly,GA,246,9776,220,7994
13095,Dougherty,GA,2269,85315,2422,104285
13097,Douglas,GA,6695,304026,6322,311911
13099,Early,GA,218,8172,205,9386
13101,Echols,GA,82,2964,74,3484
13103,Effingham,GA,2599,164872,2072,122169
13105,Elbert,GA,445,19109,405,14529
13107,Emanuel,GA,410,16692,431,15264
13109,Evans,GA,264,9460,216,6317
13111,Fannin,GA,878,84627,667,46223
13113,Fayette,GA,4204,358734,4344,375021
13115,Floyd,GA,2279,121239,2138,121382
13117,Forsyth,GA,8508,988114,8133,840693
13119,Franklin,GA,853,45539,758,37008
13121,Fulton,GA,50254,4324587,50646,4749923
13123,Gilmer,GA,1027,83315,806,49521
13125,Glascock,GA,57,2386,60,1517
13127,Glynn,GA,2604,229036,2374,163017
13129,Gordon,GA,1542,86389,1291,66124
13131,Grady,GA,520,24729,505,23148
13133,Greene,GA,813,174801,562,58947
13135,Gwinnett,GA,29200,1845026,32539,2195339
13137,Habersham,GA,1374,86222,1116,56334
13139,Hall,GA,6993,545923,6262,442171
13141,Hancock,GA,197,9023,165,5239
13143,Haralson,GA,1076,60304,816,39296
13145,Harris,GA,1144,89619,1087,88794
13147,Hart,GA,894,62845,684,38858
13149,Heard,GA,415,19516,291,12324
13151,Henry,GA,11374,549273,9990,518811
13153,Houston,GA,5540,282373,5132,284416
13155,Irwin,GA,237,8739,232,11025
13157,Jackson,GA,4506,348380,2692,173127
13159,Jasper,GA,591,44004,416,28091
13161,Jeff Davis,GA,278,9113,291,11348
13163,Jefferson,GA,290,10833,325,11360
13165,Jenkins,GA,172,6515,178,6227
13167,Johnson,GA,212,7942,159,5532
13169,Jones,GA,872,45335,692,32955
13171,Lamar,GA,749,40252,584,27447
13173,Lanier,GA,393,17852,330,13035
13175,Laurens,GA,1033,50616,954,40732
13177,Lee,GA,1107,57862,1121,68462
13179,Liberty,GA,4417,186027,4317,188878
13181,Lincoln,GA,204,17431,179,7135
13183,Long,GA,1150,53721,912,38301
13185,Lowndes,GA,3877,171261,3776,192280
13187,Lumpkin,GA,1326,100848,1101,69918
13189,McDuffie,GA,534,25285,513,21399
13191,McIntosh,GA,469,31402,332,17937
13193,Macon,GA,207,7044,258,10453
13195,Madison,GA,1043,58240,820,35651
13197,Marion,GA,165,6484,163,6567
13199,Meriwether,GA,707,38567,603,26630
13201,Miller,GA,129,5363,150,6385
13205,Mitchell,GA,400,14386,482,17814
13207,Monroe,GA,1059,79294,758,47593
13209,Montgomery,GA,240,10289,214,8796
13211,Morgan,GA,688,62563,599,42087
13213,Murray,GA,1036,45840,821,33434
13215,Muscogee,GA,6539,342842,6735,399291
13217,Newton,GA,5228,252636,4316,198492
13219,Oconee,GA,1290,143898,1309,110362
13221,Oglethorpe,GA,452,27996,386,18023
13223,Paulding,GA,7568,461829,6463,372208
13225,Peach,GA,1133,54584,1003,47544
13227,Pickens,GA,1513,134731,1083,81057
13229,Pierce,GA,489,23441,423,18282
13231,Pike,GA,624,42922,533,31891
13233,Polk,GA,1144,60789,997,46286
13235,Pulaski,GA,309,13581,226,10286
13237,Putnam,GA,790,80320,688,48787
13239,Quitman,GA,77,3119,81,3138
13241,Rabun,GA,476,39482,472,39347
13243,Randolph,GA,125,4513,156,5825
13245,Richmond,GA,7218,326489,7314,390317
13247,Rockdale,GA,4302,185311,4055,189436
13249,Schley,GA,107,5390,108,4082
13251,Screven,GA,326,14154,252,10217
13253,Seminole,GA,207,9144,200,7545
13255,Spalding,GA,2517,131742,2180,101047
13257,Stephens,GA,833,47158,642,28472
13259,Stewart,GA,82,2859,81,2675
13261,Sumter,GA,543,20179,575,26849
13263,Talbot,GA,128,5809,162,6767
13265,Taliaferro,GA,33,832,40,1205
13267,Tattnall,GA,468,20560,485,19277
13269,Taylor,GA,173,7759,170,7487
13271,Telfair,GA,216,6503,228,7876
13273,Terrell,GA,182,6629,224,8191
13275,Thomas,GA,1106,58793,1023,69105
13277,Tift,GA,1051,47556,1017,45941
13279,Toombs,GA,610,24913,590,23978
13281,Towns,GA,553,39777,405,31599
13283,Treutlen,GA,126,4884,114,4326
13285,Troup,GA,1859,94235,1788,91988
13287,Turner,GA,196,8292,186,7274
13289,Twiggs,GA,226,10580,175,7209
13291,Union,GA,1037,89644,670,36540
13293,Upson,GA,666,31363,543,23674
13295,Walker,GA,2005,102023,1760,92761
13297,Walton,GA,4097,273491,3209,174042
13299,Ware,GA,879,36384,753,31961
13301,Warren,GA,132,5736,136,4607
13303,Washington,GA,308,12633,333,14102
13305,Wayne,GA,776,34219,661,28552
13307,Webster,GA,47,1780,58,2206
13309,Wheeler,GA,101,3200,146,4535
13311,White,GA,1113,77225,866,45382
13313,Whitfield,GA,1948,98082,1975,110683
13315,Wilcox,GA,137,4981,147,5583
13317,Wilkes,GA,196,10710,218,22779
13319,Wilkinson,GA,220,8270,227,8238
13321,Worth,GA,457,16710,541,21487
15001,Hawaii,HI,4047,345423,3636,227755
15003,Honolulu,HI,19803,1447401,22035,1550350
15007,Kauai,HI,1188,107865,1318,99919
15009,Maui,HI,2818,243397,3464,269420
16001,Ada,ID,16612,1360802,14149,1034629
16003,Adams,ID,170,14227,110,5728
16005,Bannock,ID,2141,113750,2173,113537
16007,Bear Lake,ID,138,11127,147,9675
16009,Benewah,ID,239,15616,236,11385
16011,Bingham,ID,1144,66649,1143,56608
16013,Blaine,ID,660,112363,746,86965
16015,Boise,ID,346,35986,365,22702
16017,Bonner,ID,1691,157933,1362,90641
16019,Bonneville,ID,3703,234517,3328,211617
16021,Boundary,ID,351,28259,342,15894
16023,Butte,ID,74,4132,42,1946
16025,Camas,ID,28,2096,27,1545
16027,Canyon,ID,8702,573829,6848,389124
16029,Caribou,ID,139,9488,185,9066
16031,Cassia,ID,599,31353,745,36652
16035,Clearwater,ID,253,18894,211,10635
16037,Custer,ID,137,8576,119,5752
16039,Elmore,ID,1134,58879,1260,62870
16041,Franklin,ID,317,22688,335,17257
16043,Fremont,ID,372,24163,422,21125
16045,Gem,ID,733,53314,595,33129
16047,Gooding,ID,399,19486,464,24582
16049,Idaho,ID,480,28917,408,18534
16051,Jefferson,ID,1030,73279,916,47506
16053,Jerome,ID,735,41011,742,32857
16055,Kootenai,ID,5477,469644,4684,316566
16057,Latah,ID,1381,71109,1526,83807
16059,Lemhi,ID,205,17081,199,9596
16061,Lewis,ID,128,6826,162,7357
16063,Lincoln,ID,129,6988,111,5308
16065,Madison,ID,2341,91472,2702,111622
16067,Minidoka,ID,609,28828,615,31639
16069,Nez Perce,ID,1154,68328,1127,58842
16071,Oneida,ID,136,7797,113,5788
16073,Owyhee,ID,441,26664,451,21836
16075,Payette,ID,886,55347,846,42252
16077,Power,ID,189,9571,177,9082
16079,Shoshone,ID,352,19740,324,16450
16081,Teton,ID,537,59775,474,34319
16083,Twin Falls,ID,2585,143609,2270,113832
16085,Valley,ID,561,61676,468,49160
16087,Washington,ID,315,20421,321,14331
17001,Adams,IL,998,61285,1019,65379
17003,Alexander,IL,78,2434,135,4468
17005,Bond,IL,319,15265,330,15901
17007,Boone,IL,1426,96196,1601,112030
17009,Brown,IL,91,4651,87,4056
17011,Bureau,IL,692,33670,739,37481
17013,Calhoun,IL,48,3662,51,2594
17015,Carroll,IL,320,22612,381,19201
17017,Cass,IL,267,11698,330,14327
17019,Champaign,IL,4933,268825,6181,424787
17021,Christian,IL,608,32119,614,34260
17023,Clark,IL,316,16090,321,16972
17025,Clay,IL,251,10380,274,10828
17027,Clinton,IL,710,37546,812,46058
17029,Coles,IL,1137,51574,1278,71008
17031,Cook,IL,85178,7268359,98626,11620242
17033,Crawford,IL,319,19320,336,17568
17035,Cumberland,IL,186,11352,240,11959
17037,DeKalb,IL,3061,165209,3153,166919
17039,De Witt,IL,363,21557,381,24252
17041,Douglas,IL,489,26279,496,24265
17043,DuPage,IL,24637,2470014,28204,2826808
17045,Edgar,IL,284,11069,289,15186
17047,Edwards,IL,134,5938,129,5502
17049,Effingham,IL,646,33492,650,36725
17051,Fayette,IL,350,16479,417,19829
17053,Ford,IL,372,17095,354,17160
17055,Franklin,IL,732,32602,808,34694
17057,Fulton,IL,522,24289,645,33034
17059,Gallatin,IL,62,2652,56,2831
17061,Greene,IL,174,8808,247,9744
17063,Grundy,IL,1580,103709,1581,108334
17065,Hamilton,IL,123,5791,171,7240
17067,Hancock,IL,400,19209,406,20455
17069,Hardin,IL,56,1831,51,2077
17071,Henderson,IL,121,5478,144,7575
17073,Henry,IL,978,53306,1068,57155
17075,Iroquois,IL,527,24239,642,34450
17077,Jackson,IL,1468,65478,1695,79466
17079,Jasper,IL,168,7333,183,7773
17081,Jefferson,IL,696,32818,748,37781
17083,Jersey,IL,470,29142,507,25256
17085,Jo Daviess,IL,523,37644,586,38300
17087,Johnson,IL,249,14256,275,13962
17089,Kane,IL,12893,996204,13830,1099836
17091,Kankakee,IL,2134,111437,2160,122386
17093,Kendall,IL,4839,354210,4296,321587
17095,Knox,IL,839,43551,936,46449
17097,Lake,IL,14956,2015356,18002,2159892
17099,LaSalle,IL,2277,126731,2322,138725
17101,Lawrence,IL,273,10814,249,11204
17103,Lee,IL,737,38717,856,48527
17105,Livingston,IL,800,41952,847,42484
17107,Logan,IL,610,31436,651,31460
17109,McDonough,IL,670,29307,733,31871
17111,McHenry,IL,7918,605642,7835,628072
17113,McLean,IL,3892,238455,4321,360209
17115,Macon,IL,1700,92282,1972,143999
17117,Macoupin,IL,982,48541,1002,47003
17119,Madison,IL,5493,310165,5341,318258
17121,Marion,IL,733,31420,760,34260
17123,Marshall,IL,275,16842,324,17553
17125,Mason,IL,255,13177,329,15716
17127,Massac,IL,247,10450,255,11221
17129,Menard,IL,309,18140,282,15078
17131,Mercer,IL,352,19329,382,22272
17133,Monroe,IL,737,56848,769,53677
17135,Montgomery,IL,453,22920,533,26191
17137,Morgan,IL,642,28440,721,35746
17139,Moultrie,IL,354,18065,370,24513
17141,Ogle,IL,1154,66460,1291,69502
17143,Peoria,IL,4219,249806,4533,346174
17145,Perry,IL,342,14774,396,17592
17147,Piatt,IL,444,30301,472,29157
17149,Pike,IL,246,11566,268,14701
17151,Pope,IL,74,3828,87,3187
17153,Pulaski,IL,97,4111,130,5209
17155,Putnam,IL,118,6478,137,7495
17157,Randolph,IL,450,19311,552,27823
17159,Richland,IL,271,11610,328,14334
17161,Rock Island,IL,2991,153430,3271,221795
17163,St. Clair,IL,5735,333326,6135,382224
17165,Saline,IL,419,18614,408,18878
17167,Sangamon,IL,3586,208664,3918,269816
17169,Schuyler,IL,127,5529,115,5414
17171,Scott,IL,86,4143,100,4534
17173,Shelby,IL,470,25061,498,23575
17175,Stark,IL,96,4169,129,6891
17177,Stephenson,IL,881,40445,918,50021
17179,Tazewell,IL,3042,180527,2884,190228
17181,Union,IL,261,12883,295,14979
17183,Vermilion,IL,1149,46807,1251,56222
17185,Wabash,IL,205,9283,199,11714
17187,Warren,IL,318,14518,414,19780
17189,Washington,IL,339,19688,313,18279
17191,Wayne,IL,303,12707,301,12210
17193,White,IL,248,11470,293,14223
17195,Whiteside,IL,1066,52321,1082,55588
17197,Will,IL,16552,1386254,18043,1485546
17199,Williamson,IL,1618,84658,1513,95186
17201,Winnebago,IL,5351,276085,5723,357440
17203,Woodford,IL,935,62253,995,70252
18001,Adams,IN,515,25242,619,28129
18003,Allen,IN,7538,434396,7343,513238
18005,Bartholomew,IN,2259,135120,2336,171595
18007,Benton,IN,283,12642,289,12527
18009,Blackford,IN,282,11708,352,15462
18011,Boone,IN,3367,372556,2476,266069
18013,Brown,IN,549,44115,525,40209
18015,Carroll,IN,613,34164,614,29745
18017,Cass,IN,792,32680,889,35239
18019,Clark,IN,4103,227028,3596,195187
18021,Clay,IN,669,31507,642,26382
18023,Clinton,IN,757,37147,805,38857
18025,Crawford,IN,260,11608,272,12423
18027,Daviess,IN,510,24314,649,30294
18029,Dearborn,IN,1263,88564,1274,69901
18031,Decatur,IN,701,33837,689,34782
18033,DeKalb,IN,1244,68432,1181,57557
18035,Delaware,IN,2758,119485,2735,136678
18037,Dubois,IN,792,42511,873,46015
18039,Elkhart,IN,3879,220438,4564,274725
18041,Fayette,IN,469,20035,512,22288
18043,Floyd,IN,2774,164800,2650,150722
18045,Fountain,IN,473,22950,451,19267
18047,Franklin,IN,509,31964,589,30693
18049,Fulton,IN,508,24819,507,22052
18051,Gibson,IN,819,43378,818,40068
18053,Grant,IN,1326,57427,1275,60073
18055,Greene,IN,840,41089,818,33667
18057,Hamilton,IN,12560,1236524,11459,1133867
18059,Hancock,IN,3759,280395,2635,169176
18061,Harrison,IN,938,50754,904,45685
18063,Hendricks,IN,6693,408972,6333,409924
18065,Henry,IN,1117,53827,1097,50765
18067,Howard,IN,2075,100813,1971,100923
18069,Huntington,IN,933,48255,927,49601
18071,Jackson,IN,931,44190,1010,49780
18073,Jasper,IN,835,44603,797,39225
18075,Jay,IN,346,14540,393,18335
18077,Jefferson,IN,717,36988,689,33373
18079,Jennings,IN,671,30050,631,25752
18081,Johnson,IN,6265,390220,5668,353536
18083,Knox,IN,686,30245,779,37734
18085,Kosciusko,IN,1887,120073,2084,137065
18087,LaGrange,IN,666,46860,897,52797
18089,Lake,IN,10161,576884,10309,582588
18091,LaPorte,IN,2227,133248,2331,126310
18093,Lawrence,IN,1015,53494,920,44584
18095,Madison,IN,3612,188897,3192,158152
18097,Marion,IN,26406,1456864,29138,1937550
18099,Marshall,IN,1139,64417,1180,68584
18101,Martin,IN,254,12145,214,10011
18103,Miami,IN,877,35638,948,41006
18105,Monroe,IN,4163,222168,5050,286597
18107,Montgomery,IN,896,47342,824,43930
18109,Morgan,IN,2426,154972,2088,114543
18111,Newton,IN,420,24563,412,19452
18113,Noble,IN,1254,71496,1131,59893
18115,Ohio,IN,162,8409,162,8961
18117,Orange,IN,446,19298,421,17290
18119,Owen,IN,685,36289,646,28277
18121,Parke,IN,359,19143,389,16815
18123,Perry,IN,388,17049,339,15416
18125,Pike,IN,300,14188,285,12948
18127,Porter,IN,4506,318649,4472,291668
18129,Posey,IN,613,33609,620,34741
18131,Pulaski,IN,279,15840,314,14061
18133,Putnam,IN,1075,65400,1012,52425
18135,Randolph,IN,603,26181,624,27795
18137,Ripley,IN,843,43871,800,49514
18139,Rush,IN,452,21007,448,19112
18141,St. Joseph,IN,6051,349954,6638,423869
18143,Scott,IN,630,30729,598,25583
18145,Shelby,IN,1246,64443,1249,65249
18147,Spencer,IN,467,28500,496,25375
18149,Starke,IN,590,32656,630,27993
18151,Steuben,IN,931,62901,919,65958
18153,Sullivan,IN,449,19935,447,19339
18155,Switzerland,IN,264,14174,278,14157
18157,Tippecanoe,IN,4827,267008,6015,351272
18159,Tipton,IN,400,23210,454,22854
18161,Union,IN,186,9669,163,7284
18163,Vanderburgh,IN,4296,216876,4435,261359
18165,Vermillion,IN,411,20489,358,15695
18167,Vigo,IN,2394,115628,2451,133859
18169,Wabash,IN,659,33247,727,33643
18171,Warren,IN,183,10072,221,9681
18173,Warrick,IN,2046,144305,1938,130423
18175,Washington,IN,639,30818,629,27477
18177,Wayne,IN,1287,61134,1258,64206
18179,Wells,IN,740,40993,699,36226
18181,White,IN,684,38116,716,33543
18183,Whitley,IN,927,68451,958,54527
19001,Adair,IA,191,9228,190,8135
19003,Adams,IA,79,4300,77,3576
19005,Allamakee,IA,210,15217,246,10803
19007,Appanoose,IA,215,13446,271,14111
19009,Audubon,IA,95,5782,126,5952
19011,Benton,IA,621,35169,662,38210
19013,Black Hawk,IA,2851,138110,2876,158066
19015,Boone,IA,705,41892,724,45471
19017,Bremer,IA,683,40575,675,40405
19019,Buchanan,IA,415,23464,500,25018
19021,Buena Vista,IA,476,20854,617,28121
19023,Butler,IA,293,16590,326,16543
19025,Calhoun,IA,244,11039,259,12970
19027,Carroll,IA,414,20182,457,24815
19029,Cass,IA,314,14592,301,14294
19031,Cedar,IA,552,30067,560,27844
19033,Cerro Gordo,IA,988,62262,1046,68116
19035,Cherokee,IA,260,13991,256,15154
19037,Chickasaw,IA,221,11942,254,11680
19039,Clarke,IA,262,12699,284,12318
19041,Clay,IA,430,23084,421,24339
19043,Clayton,IA,389,21620,435,23644
19045,Clinton,IA,942,48971,979,52398
19047,Crawford,IA,292,13014,392,19031
19049,Dallas,IA,5347,424973,4414,383640
19051,Davis,IA,140,7923,158,7733
19053,Decatur,IA,188,6523,252,11357
19055,Delaware,IA,353,19404,384,21698
19057,Des Moines,IA,804,43987,800,43317
19059,Dickinson,IA,550,48636,569,39200
19061,Dubuque,IA,1932,114970,1953,122069
19063,Emmet,IA,209,8979,233,11252
19065,Fayette,IA,399,18867,429,18769
19067,Floyd,IA,397,20088,448,23514
19069,Franklin,IA,174,9421,223,11554
19071,Fremont,IA,149,7775,151,8114
19073,Greene,IA,208,10866,208,10784
19075,Grundy,IA,285,17707,324,18138
19077,Guthrie,IA,297,22920,304,18091
19079,Hamilton,IA,343,19137,411,23724
19081,Hancock,IA,212,11923,290,19302
19083,Hardin,IA,389,19980,434,20480
19085,Harrison,IA,306,21239,308,16125
19087,Henry,IA,403,18971,523,25261
19089,Howard,IA,163,7504,221,11749
19091,Humboldt,IA,179,10058,193,10868
19093,Ida,IA,150,6185,174,8336
19095,Iowa,IA,382,22009,402,19975
19097,Jackson,IA,444,23454,426,22159
19099,Jasper,IA,973,50379,958,49194
19101,Jefferson,IA,406,22046,497,32296
19103,Johnson,IA,4909,302264,5375,371267
19105,Jones,IA,420,26824,488,26089
19107,Keokuk,IA,189,8676,221,10036
19109,Kossuth,IA,289,14811,339,18240
19111,Lee,IA,566,30536,596,28319
19113,Linn,IA,4935,295818,5000,317337
19115,Louisa,IA,244,11877,310,14583
19117,Lucas,IA,167,8328,194,10274
19119,Lyon,IA,189,9856,227,11812
19121,Madison,IA,444,29919,469,30528
19123,Mahaska,IA,509,27341,549,33145
19125,Marion,IA,862,55454,848,47600
19127,Marshall,IA,812,39255,865,45664
19129,Mills,IA,397,26181,386,22749
19131,Mitchell,IA,198,11318,221,11221
19133,Monona,IA,163,8497,180,8300
19135,Monroe,IA,123,7138,163,8430
19137,Montgomery,IA,258,13129,253,11013
19139,Muscatine,IA,841,46048,952,54155
19141,O'Brien,IA,316,17249,382,22577
19143,Osceola,IA,111,5254,137,7124
19145,Page,IA,325,15907,289,13419
19147,Palo Alto,IA,189,10271,194,10067
19149,Plymouth,IA,576,30004,676,41548
19151,Pocahontas,IA,99,4724,192,9620
19153,Polk,IA,12803,837694,12322,848179
19155,Pottawattamie,IA,2208,115185,2180,116883
19157,Poweshiek,IA,433,24110,565,31587
19159,Ringgold,IA,80,4818,114,4716
19161,Sac,IA,206,11355,220,11722
19163,Scott,IA,4330,279425,4180,294728
19165,Shelby,IA,296,13920,266,14604
19167,Sioux,IA,509,34038,661,38760
19169,Story,IA,3290,164375,3717,214683
19171,Tama,IA,408,20642,469,26168
19173,Taylor,IA,111,4349,136,5843
19175,Union,IA,263,11085,275,12024
19177,Van Buren,IA,123,5592,156,7671
19179,Wapello,IA,814,33328,841,40478
19181,Warren,IA,1822,135522,1520,94905
19183,Washington,IA,563,34981,568,28525
19185,Wayne,IA,143,8485,138,6631
19187,Webster,IA,721,32218,806,40938
19189,Winnebago,IA,276,13831,320,16203
19191,Winneshiek,IA,381,24864,407,21409
19193,Woodbury,IA,2212,106543,2430,133906
19195,Worth,IA,182,9408,184,9727
19197,Wright,IA,285,13161,293,15034
20001,Allen,KS,290,12756,298,12303
20003,Anderson,KS,205,10639,176,7325
20005,Atchison,KS,366,18689,385,19489
20007,Barber,KS,44,1818,98,3996
20009,Barton,KS,517,23143,537,26664
20011,Bourbon,KS,309,12449,314,11615
20013,Brown,KS,158,7900,212,9476
20015,Butler,KS,1953,144481,1946,125733
20017,Chase,KS,34,1875,40,1668
20019,Chautauqua,KS,53,2258,71,3112
20021,Cherokee,KS,517,20759,496,23544
20023,Cheyenne,KS,46,2181,37,1681
20025,Clark,KS,42,1989,38,1642
20027,Clay,KS,198,10738,237,12104
20029,Cloud,KS,220,7842,234,11303
20031,Coffey,KS,199,12754,179,9890
20033,Comanche,KS,23,864,27,681
20035,Cowley,KS,688,30944,798,35648
20037,Crawford,KS,794,38710,1029,47041
20039,Decatur,KS,51,2736,57,2713
20041,Dickinson,KS,581,28165,533,26567
20043,Doniphan,KS,159,6556,154,5713
20045,Douglas,KS,3886,210768,4043,242157
20047,Edwards,KS,53,2106,53,3084
20049,Elk,KS,60,3407,48,2361
20051,Ellis,KS,753,31569,813,37447
20053,Ellsworth,KS,108,5538,134,4929
20055,Finney,KS,701,33993,901,43502
20057,Ford,KS,535,25474,774,41527
20059,Franklin,KS,786,44074,730,32906
20061,Geary,KS,2744,126212,3115,146321
20063,Gove,KS,32,1179,67,3418
20065,Graham,KS,37,1915,48,2088
20067,Grant,KS,122,5208,188,11035
20069,Gray,KS,92,4565,148,8228
20073,Greenwood,KS,101,4402,171,7646
20075,Hamilton,KS,28,1098,29,774
20077,Harper,KS,112,4731,106,4252
20079,Harvey,KS,918,46876,1026,52419
20081,Haskell,KS,78,3531,105,5963
20083,Hodgeman,KS,36,1345,36,1870
20085,Jackson,KS,285,15713,289,13775
20087,Jefferson,KS,536,34503,588,30159
20089,Jewell,KS,41,3032,53,2413
20091,Johnson,KS,17118,1372887,17153,1497674
20093,Kearny,KS,62,2896,92,4437
20095,Kingman,KS,203,10307,173,7832
20097,Kiowa,KS,39,1433,46,1885
20099,Labette,KS,413,16010,433,19205
20101,Lane,KS,23,850,30,1121
20103,Leavenworth,KS,2927,214330,2810,204361
20105,Lincoln,KS,43,2416,73,3236
20107,Linn,KS,308,16907,271,13709
20109,Logan,KS,68,3275,65,5535
20111,Lyon,KS,789,30419,821,38817
20113,McPherson,KS,783,44135,791,40681
20115,Marion,KS,298,15180,261,13200
20117,Marshall,KS,157,7824,173,8404
20119,Meade,KS,114,4162,96,5189
20121,Miami,KS,1174,92799,1033,65134
20123,Mitchell,KS,119,5873,122,5183
20125,Montgomery,KS,660,28421,731,35905
20127,Morris,KS,96,5836,109,5217
20129,Morton,KS,54,2417,63,4191
20131,Nemaha,KS,183,9543,240,12621
20133,Neosho,KS,317,13593,360,12866
20135,Ness,KS,28,1170,39,2163
20137,Norton,KS,109,5741,98,4084
20139,Osage,KS,413,22136,408,18901
20141,Osborne,KS,46,2186,93,5336
20143,Ottawa,KS,145,6673,144,5814
20145,Pawnee,KS,124,5939,181,7873
20147,Phillips,KS,111,6167,111,5063
20149,Pottawatomie,KS,741,52682,764,42481
20151,Pratt,KS,201,8286,215,11308
20153,Rawlins,KS,26,941,34,1432
20155,Reno,KS,1323,65221,1289,60303
20157,Republic,KS,91,4558,100,5344
20159,Rice,KS,231,14451,240,10258
20161,Riley,KS,3334,169732,3578,193734
20163,Rooks,KS,81,3516,105,4414
20165,Rush,KS,50,2167,70,2753
20167,Russell,KS,136,6367,156,6665
20169,Saline,KS,1247,58078,1405,73445
20171,Scott,KS,65,2481,111,5437
20173,Sedgwick,KS,9760,549098,9457,584773
20175,Seward,KS,377,18637,569,32137
20177,Shawnee,KS,3403,173186,3474,195194
20179,Sheridan,KS,39,1586,49,2590
20181,Sherman,KS,111,4951,165,9335
20183,Smith,KS,52,2118,40,1585
20185,Stafford,KS,64,3228,92,3794
20187,Stanton,KS,22,824,29,1403
20189,Stevens,KS,80,3648,140,8081
20191,Sumner,KS,597,28725,649,32336
20193,Thomas,KS,147,6852,225,13320
20195,Trego,KS,56,2311,61,2503
20197,Wabaunsee,KS,166,10069,158,7933
20201,Washington,KS,83,5054,120,7213
20203,Wichita,KS,34,1641,31,1261
20205,Wilson,KS,183,8103,240,10416
20207,Woodson,KS,55,1900,60,2493
20209,Wyandotte,KS,4855,227662,5114,262345
21001,Adair,KY,452,17733,392,13371
21003,Allen,KY,574,34510,446,21785
21005,Anderson,KY,706,36833,613,30549
21007,Ballard,KY,237,9634,173,7106
21009,Barren,KY,1038,46593,1032,43706
21011,Bath,KY,309,13122,275,11724
21013,Bell,KY,390,13756,487,16577
21015,Boone,KY,4797,299172,4635,353791
21017,Bourbon,KY,587,30616,528,25968
21019,Boyd,KY,1143,57618,1078,51050
21021,Boyle,KY,872,55269,856,47706
21023,Bracken,KY,181,9089,201,8871
21025,Breathitt,KY,152,6329,236,9092
21027,Breckinridge,KY,464,24387,462,17789
21029,Bullitt,KY,2716,154079,2375,131831
21031,Butler,KY,238,9117,261,12950
21033,Caldwell,KY,248,10655,294,12245
21035,Calloway,KY,1078,50775,1055,46768
21037,Campbell,KY,3348,209925,3202,216300
21039,Carlisle,KY,76,3781,115,4273
21041,Carroll,KY,272,11840,299,16299
21043,Carter,KY,510,24406,468,19164
21045,Casey,KY,295,12110,298,11567
21047,Christian,KY,3109,123317,3601,150885
21049,Clark,KY,1052,54176,938,50549
21051,Clay,KY,215,6879,283,11981
21053,Clinton,KY,144,6572,136,5333
21055,Crittenden,KY,187,8127,196,8508
21057,Cumberland,KY,153,8015,108,4239
21059,Daviess,KY,1732,93744,1775,101786
21061,Edmonson,KY,324,17105,279,11379
21063,Elliott,KY,71,2654,100,4146
21065,Estill,KY,270,11448,229,8362
21067,Fayette,KY,8877,520945,9420,649885
21069,Fleming,KY,353,16095,342,14982
21071,Floyd,KY,511,18571,634,27783
21073,Franklin,KY,1500,71315,1375,73091
21075,Fulton,KY,140,4756,151,5883
21077,Gallatin,KY,266,13835,247,10715
21079,Garrard,KY,566,34958,536,24765
21081,Grant,KY,749,38773,818,37523
21083,Graves,KY,679,30793,735,33780
21085,Grayson,KY,553,27419,456,21243
21087,Green,KY,277,11576,196,7987
21089,Greenup,KY,826,42400,813,40918
21091,Hancock,KY,197,9497,234,11686
21093,Hardin,KY,3404,182587,3611,200516
21095,Harlan,KY,243,9207,257,10718
21097,Harrison,KY,554,27748,397,17873
21099,Hart,KY,451,21138,418,15212
21101,Henderson,KY,941,44433,836,36869
21103,Henry,KY,466,26715,451,22291
21105,Hickman,KY,99,4376,108,4173
21107,Hopkins,KY,846,37195,863,43589
21109,Jackson,KY,251,10072,191,6456
21111,Jefferson,KY,15352,928432,16906,1263897
21113,Jessamine,KY,1833,143091,1640,102444
21115,Johnson,KY,380,17193,394,19561
21117,Kenton,KY,6029,394464,5674,356175
21119,Knott,KY,264,11442,286,14101
21121,Knox,KY,681,23880,671,23579
21123,Larue,KY,424,17704,418,17312
21125,Laurel,KY,1507,66031,1333,57000
21127,Lawrence,KY,270,11266,322,13653
21129,Lee,KY,86,3235,101,3632
21131,Leslie,KY,101,4136,116,3955
21133,Letcher,KY,203,7302,294,12710
21135,Lewis,KY,226,9506,195,7481
21137,Lincoln,KY,674,29506,516,22700
21139,Livingston,KY,218,9161,229,9671
21141,Logan,KY,721,36707,583,25492
21143,Lyon,KY,250,15299,207,12056
21145,McCracken,KY,1724,94545,1597,92211
21147,McCreary,KY,218,7314,164,5721
21149,McLean,KY,214,9894,216,9906
21151,Madison,KY,3186,163605,2509,126556
21153,Magoffin,KY,93,3160,110,3626
21155,Marion,KY,372,19776,384,16275
21157,Marshall,KY,805,40081,748,38166
21159,Martin,KY,122,5122,146,5764
21161,Mason,KY,425,18763,411,16707
21163,Meade,KY,1151,66927,1099,57718
21165,Menifee,KY,177,7239,142,5399
21167,Mercer,KY,729,41464,588,28499
21169,Metcalfe,KY,224,9365,196,6410
21171,Monroe,KY,140,5401,175,6952
21173,Montgomery,KY,787,36034,738,35343
21175,Morgan,KY,219,10725,214,9705
21177,Muhlenberg,KY,435,18472,433,18566
21179,Nelson,KY,1145,65767,999,56512
21181,Nicholas,KY,140,5672,192,7784
21183,Ohio,KY,473,22019,418,17093
21185,Oldham,KY,1909,195685,1901,183641
21187,Owen,KY,249,13171,259,12931
21189,Owsley,KY,58,2331,49,1919
21191,Pendleton,KY,424,22176,400,17220
21193,Perry,KY,363,16901,425,22054
21195,Pike,KY,792,37206,851,40418
21197,Powell,KY,258,10599,247,10188
21199,Pulaski,KY,1365,74865,1084,48410
21201,Robertson,KY,53,3153,50,2403
21203,Rockcastle,KY,342,13183,328,12718
21205,Rowan,KY,680,24218,669,30858
21207,Russell,KY,373,19306,336,14329
21209,Scott,KY,2104,132792,1826,110319
21211,Shelby,KY,1419,111783,1289,78895
21213,Simpson,KY,732,34804,579,26385
21215,Spencer,KY,623,45010,578,36008
21217,Taylor,KY,671,28113,613,23942
21219,Todd,KY,305,13821,264,10789
21221,Trigg,KY,414,25059,341,14786
21223,Trimble,KY,257,11770,265,13120
21225,Union,KY,231,9173,273,12349
21227,Warren,KY,3904,204626,3466,188301
21229,Washington,KY,343,15037,300,12067
21231,Wayne,KY,301,12699,320,11302
21233,Webster,KY,298,12526,335,15175
21235,Whitley,KY,833,38521,895,34725
21237,Wolfe,KY,88,3831,133,4449
21239,Woodford,KY,844,54904,758,47221
22001,Acadia,LA,1278,50707,1381,59274
22003,Allen,LA,413,19116,453,19685
22005,Ascension,LA,3223,202834,3097,212844
22007,Assumption,LA,395,22889,520,24156
22009,Avoyelles,LA,521,20965,656,26478
22011,Beauregard,LA,913,48151,989,50753
22013,Bienville,LA,271,10807,339,13567
22015,Bossier,LA,4354,225571,4394,236178
22017,Caddo,LA,4764,228854,5685,324063
22019,Calcasieu,LA,3697,182582,3591,206159
22021,Caldwell,LA,181,6971,202,8888
22023,Cameron,LA,105,5266,174,13551
22025,Catahoula,LA,175,7684,189,7653
22027,Claiborne,LA,215,8900,297,13645
22029,Concordia,LA,322,12541,459,19248
22031,De Soto,LA,637,39100,600,32262
22033,East Baton Rouge,LA,9312,525691,10904,693503
22035,East Carroll,LA,89,3152,127,5472
22037,East Feliciana,LA,438,24751,406,19600
22039,Evangeline,LA,476,20020,660,29088
22041,Franklin,LA,322,12705,361,14668
22043,Grant,LA,566,27255,573,26837
22045,Iberia,LA,1267,48736,1631,73370
22047,Iberville,LA,738,38390,774,40951
22049,Jackson,LA,326,14207,288,10666
22051,Jefferson,LA,8765,477658,10772,617205
22053,Jefferson Davis,LA,657,32300,757,34687
22055,Lafayette,LA,6346,356030,6080,312305
22057,Lafourche,LA,1745,84671,2017,100952
22059,LaSalle,LA,220,10383,226,10731
22061,Lincoln,LA,1244,52942,1322,56904
22063,Livingston,LA,4001,204193,3538,190846
22065,Madison,LA,138,3590,225,6540
22067,Morehouse,LA,431,13858,573,20548
22069,Natchitoches,LA,723,40538,829,36983
22071,Orleans,LA,10057,598765,12111,817128
22073,Ouachita,LA,2965,126377,3316,145614
22075,Plaquemines,LA,765,46592,823,51764
22077,Pointe Coupee,LA,388,21789,427,20682
22079,Rapides,LA,2134,100454,2494,125310
22081,Red River,LA,125,5601,175,6125
22083,Richland,LA,449,17415,471,19225
22085,Sabine,LA,344,20852,422,20977
22087,St. Bernard,LA,1052,42407,1112,48532
22089,St. Charles,LA,1121,58616,1324,73312
22091,St. Helena,LA,386,17425,391,15054
22093,St. James,LA,358,15275,465,20962
22095,St. John the Baptist,LA,1117,39379,1228,54633
22097,St. Landry,LA,1651,70132,1873,87934
22099,St. Martin,LA,1234,55635,1290,55184
22101,St. Mary,LA,739,28730,1042,43316
22103,St. Tammany,LA,6524,478706,6197,425757
22105,Tangipahoa,LA,3217,148909,2870,133515
22107,Tensas,LA,82,3664,69,2378
22109,Terrebonne,LA,1897,83788,2317,112312
22111,Union,LA,448,19938,452,20367
22113,Vermilion,LA,1247,57129,1313,54375
22115,Vernon,LA,2185,107250,2487,128070
22117,Washington,LA,759,33226,768,31927
22119,Webster,LA,763,38916,834,38309
22121,West Baton Rouge,LA,799,41447,770,42332
22123,West Carroll,LA,175,6034,191,7626
22125,West Feliciana,LA,223,19119,255,14976
22127,Winn,LA,197,8113,235,9142
23001,Androscoggin,ME,3158,173649,2853,154993
23003,Aroostook,ME,1099,54982,999,57559
23005,Cumberland,ME,9380,806308,8868,682343
23007,Franklin,ME,852,52673,744,37147
23009,Hancock,ME,1541,126482,1419,100102
23011,Kennebec,ME,3404,196365,3126,181815
23013,Knox,ME,1089,97334,1062,70915
23015,Lincoln,ME,1172,96796,1026,80222
23017,Oxford,ME,1705,105831,1458,82034
23019,Penobscot,ME,3611,194490,3318,182848
23021,Piscataquis,ME,469,26937,396,19376
23023,Sagadahoc,ME,1417,106749,1278,79926
23025,Somerset,ME,1493,76579,1278,59141
23027,Waldo,ME,1201,73143,1048,63386
23029,Washington,ME,668,42702,601,31822
23031,York,ME,6586,553652,5733,401302
24001,Allegany,MD,1128,55037,997,52542
24003,Anne Arundel,MD,18285,1538956,19055,1666765
24005,Baltimore,MD,21947,1447342,24420,1740103
24009,Calvert,MD,2358,203119,2617,204507
24011,Caroline,MD,829,42657,845,42819
24013,Carroll,MD,3971,323200,4174,336400
24015,Cecil,MD,2606,163085,2527,174963
24017,Charles,MD,5667,377720,5150,354027
24019,Dorchester,MD,970,58455,686,41293
24021,Frederick,MD,8622,792861,7833,629495
24023,Garrett,MD,487,41906,502,30971
24025,Harford,MD,6264,444365,6352,500489
24027,Howard,MD,11402,1019046,12563,1237795
24029,Kent,MD,524,39215,474,30088
24031,Montgomery,MD,25914,2554802,31675,3255295
24033,Prince George's,MD,24041,1431118,28558,1813150
24035,Queen Anne's,MD,1665,184742,1437,125157
24037,St. Mary's,MD,3107,217809,3169,247813
24039,Somerset,MD,621,25502,519,23366
24041,Talbot,MD,1067,136825,1067,84308
24043,Washington,MD,4110,228567,3914,219956
24045,Wicomico,MD,2538,130293,2680,139855
24047,Worcester,MD,1962,176724,1921,145400
24510,Baltimore,MD,20258,1154069,20866,1514973
25001,Barnstable,MA,6208,916873,6509,735375
25003,Berkshire,MA,2220,222891,2392,201791
25005,Bristol,MA,11022,786270,10854,858172
25007,Dukes,MA,516,86626,636,74599
25009,Essex,MA,16132,1696978,17952,1803639
25011,Franklin,MA,1775,115786,1829,106839
25013,Hampden,MA,6794,401180,7794,541358
25015,Hampshire,MA,4277,290643,4712,318665
25017,Middlesex,MA,46508,4948849,51057,6427083
25019,Nantucket,MA,457,60439,489,76635
25021,Norfolk,MA,22615,2572026,24285,3156888
25023,Plymouth,MA,12077,1219094,12349,1125330
25025,Suffolk,MA,36173,3377248,39935,5086021
25027,Worcester,MA,15603,1215954,16962,1417258
26001,Alcona,MI,370,21507,336,16255
26003,Alger,MI,188,13210,180,10274
26005,Allegan,MI,3432,269784,3264,224519
26007,Alpena,MI,611,29321,535,26244
26009,Antrim,MI,825,66993,760,52414
26011,Arenac,MI,433,20789,407,19346
26013,Baraga,MI,167,9736,121,5932
26015,Barry,MI,1734,122227,1657,102796
26017,Bay,MI,2361,120184,2297,119947
26019,Benzie,MI,639,48595,546,30031
26021,Berrien,MI,3299,250981,3592,248562
26023,Branch,MI,964,51221,1050,54782
26025,Calhoun,MI,2966,144682,2892,148782
26027,Cass,MI,1463,121778,1417,94989
26029,Charlevoix,MI,790,73409,817,57830
26031,Cheboygan,MI,799,56482,735,35901
26033,Chippewa,MI,715,40603,704,35402
26035,Clare,MI,965,48577,877,36685
26037,Clinton,MI,2610,158298,2672,158605
26039,Crawford,MI,443,24834,362,16912
26041,Delta,MI,656,35756,623,35281
26043,Dickinson,MI,539,28157,549,28220
26045,Eaton,MI,3711,189916,3770,204735
26047,Emmet,MI,1053,110744,1018,80231
26049,Genesee,MI,7963,430386,7927,447255
26051,Gladwin,MI,785,52282,711,33636
26053,Gogebic,MI,315,16882,310,15431
26055,Grand Traverse,MI,2943,271506,2804,181757
26057,Gratiot,MI,907,41052,934,40689
26059,Hillsdale,MI,982,54277,1049,53346
26061,Houghton,MI,753,39739,961,44636
26063,Huron,MI,599,26700,651,36819
26065,Ingham,MI,8430,401985,8997,524168
26067,Ionia,MI,1605,79889,1567,80641
26069,Iosco,MI,746,45520,715,36695
26071,Iron,MI,268,15151,275,13124
26073,Isabella,MI,2039,82341,2051,96277
26075,Jackson,MI,2942,169086,2952,166069
26077,Kalamazoo,MI,6474,378220,6672,435759
26079,Kalkaska,MI,662,37524,553,25266
26081,Kent,MI,15118,933055,15345,1050493
26083,Keweenaw,MI,43,2807,36,1944
26085,Lake,MI,494,26163,372,17956
26087,Lapeer,MI,2280,142946,2288,122582
26089,Leelanau,MI,762,99775,743,85282
26091,Lenawee,MI,1902,114228,2014,114977
26093,Livingston,MI,5243,432392,5240,398101
26095,Luce,MI,109,4743,100,4450
26097,Mackinac,MI,384,20941,394,24566
26099,Macomb,MI,18037,998612,18419,1175292
26101,Manistee,MI,677,42202,583,29238
26103,Marquette,MI,1503,92457,1394,73763
26105,Mason,MI,697,47043,658,35852
26107,Mecosta,MI,1353,67237,1306,59573
26109,Menominee,MI,512,29606,534,26402
26111,Midland,MI,2321,145666,2288,158841
26113,Missaukee,MI,387,18441,355,17564
26115,Monroe,MI,3509,210170,3532,217192
26117,Montcalm,MI,1903,99824,1776,84225
26119,Montmorency,MI,372,22898,257,12316
26121,Muskegon,MI,3506,194166,3046,154402
26123,Newaygo,MI,1371,76765,1300,58618
26125,Oakland,MI,30539,2445528,33528,2894634
26127,Oceana,MI,685,43913,725,33569
26129,Ogemaw,MI,637,31666,530,25588
26131,Ontonagon,MI,121,6895,114,4721
26133,Osceola,MI,737,33647,711,28699
26135,Oscoda,MI,275,16750,208,7457
26137,Otsego,MI,852,55788,728,39144
26139,Ottawa,MI,8096,574991,7747,501781
26141,Presque Isle,MI,349,25274,281,13789
26143,Roscommon,MI,872,56862,755,41889
26145,Saginaw,MI,3690,203789,4031,211624
26147,St. Clair,MI,3218,187169,3195,179229
26149,St. Joseph,MI,1294,74109,1348,67076
26151,Sanilac,MI,892,53509,902,44867
26153,Schoolcraft,MI,155,8107,159,8350
26155,Shiawassee,MI,1650,86569,1708,83038
26157,Tuscola,MI,1240,56489,1180,54305
26159,Van Buren,MI,2011,125454,1959,112987
26161,Washtenaw,MI,11341,965295,13334,1042897
26163,Wayne,MI,28402,1613672,32865,2249770
26165,Wexford,MI,981,52881,943,44500
27001,Aitkin,MN,518,42059,535,32113
27003,Anoka,MN,11649,706549,11295,734147
27005,Becker,MN,886,66482,865,56508
27007,Beltrami,MN,1056,62067,1102,62296
27009,Benton,MN,1629,81198,1704,88949
27011,Big Stone,MN,83,4801,100,4826
27013,Blue Earth,MN,2222,106648,2542,131128
27015,Brown,MN,500,29371,591,35337
27017,Carlton,MN,845,53037,859,43871
27019,Carver,MN,3551,374710,3452,315250
27021,Cass,MN,1012,96390,1020,74313
27023,Chippewa,MN,236,11086,316,18171
27025,Chisago,MN,1797,124445,1715,108962
27027,Clay,MN,2100,101517,2022,113132
27029,Clearwater,MN,173,9318,194,8680
27031,Cook,MN,208,13523,226,13610
27033,Cottonwood,MN,317,15670,322,14941
27035,Crow Wing,MN,1888,154334,1727,114296
27037,Dakota,MN,14437,1093535,13745,1028632
27039,Dodge,MN,557,32217,616,33506
27041,Douglas,MN,1033,71785,1018,67703
27043,Faribault,MN,310,15019,338,16079
27045,Fillmore,MN,444,25881,492,26179
27047,Freeborn,MN,619,32009,657,32279
27049,Goodhue,MN,1236,80941,1238,79114
27051,Grant,MN,150,7555,186,9813
27053,Hennepin,MN,37946,2703330,40014,3788141
27055,Houston,MN,437,27454,472,27854
27057,Hubbard,MN,719,50439,619,33161
27059,Isanti,MN,1471,91046,1394,81692
27061,Itasca,MN,892,66420,852,51401
27063,Jackson,MN,232,11429,232,12275
27065,Kanabec,MN,446,23064,492,21292
27067,Kandiyohi,MN,860,51313,1052,61961
27069,Kittson,MN,41,2607,73,4254
27071,Koochiching,MN,186,12734,243,14211
27073,Lac qui Parle,MN,130,6928,157,8421
27075,Lake,MN,263,18638,323,19838
27077,Lake of the Woods,MN,62,3287,123,8501
27079,Le Sueur,MN,839,64683,907,61788
27081,Lincoln,MN,108,7235,138,5804
27083,Lyon,MN,536,26186,714,37419
27085,McLeod,MN,977,58847,977,55509
27087,Mahnomen,MN,69,3807,115,5588
27089,Marshall,MN,166,8823,180,10013
27091,Martin,MN,366,18234,450,29702
27093,Meeker,MN,562,33180,642,34596
27095,Mille Lacs,MN,868,51632,840,49989
27097,Morrison,MN,730,43506,788,48460
27099,Mower,MN,811,43847,985,53817
27101,Murray,MN,180,9222,176,10665
27103,Nicollet,MN,1223,68707,1296,71969
27105,Nobles,MN,373,17862,561,29167
27107,Norman,MN,123,6291,125,8226
27109,Olmsted,MN,4869,318984,5061,394323
27111,Otter Tail,MN,1310,91470,1478,85216
27113,Pennington,MN,368,14415,395,25073
27115,Pine,MN,829,52716,750,39068
27117,Pipestone,MN,190,8841,212,10392
27119,Polk,MN,664,34810,831,47217
27121,Pope,MN,307,18346,282,16069
27123,Ramsey,MN,19778,1130297,21253,1466083
27125,Red Lake,MN,67,3130,97,4261
27127,Redwood,MN,324,16133,357,21088
27129,Renville,MN,353,17767,429,26256
27131,Rice,MN,1619,109195,1856,120527
27133,Rock,MN,199,9817,204,11744
27135,Roseau,MN,267,14608,377,20685
27137,St. Louis,MN,4381,259023,4321,256325
27139,Scott,MN,4808,389308,4983,409007
27141,Sherburne,MN,3383,221510,3537,216454
27143,Sibley,MN,379,21255,421,23336
27145,Stearns,MN,4381,233204,4765,297239
27147,Steele,MN,925,51784,965,57268
27149,Stevens,MN,264,12876,263,14264
27151,Swift,MN,191,8594,220,13254
27153,Todd,MN,675,37032,680,37697
27155,Traverse,MN,75,4201,106,5975
27157,Wabasha,MN,466,28977,517,30456
27159,Wadena,MN,453,21845,491,23520
27161,Waseca,MN,449,22610,551,30232
27163,Washington,MN,9427,766129,8944,758791
27165,Watonwan,MN,170,7506,288,14300
27167,Wilkin,MN,168,8193,199,11008
27169,Winona,MN,1127,56105,1189,64254
27171,Wright,MN,4761,381810,4075,324828
27173,Yellow Medicine,MN,208,9156,236,12828
28001,Adams,MS,462,24203,543,24171
28003,Alcorn,MS,710,35257,638,29108
28005,Amite,MS,253,13033,250,10728
28007,Attala,MS,301,12278,371,13014
28009,Benton,MS,222,9046,259,11263
28011,Bolivar,MS,516,20156,722,27755
28013,Calhoun,MS,233,8583,235,8577
28015,Carroll,MS,201,9328,257,12306
28017,Chickasaw,MS,331,11843,345,12981
28019,Choctaw,MS,171,7739,205,7583
28021,Claiborne,MS,118,4625,175,6776
28023,Clarke,MS,305,14564,307,14530
28025,Clay,MS,371,14501,385,16310
28027,Coahoma,MS,348,13719,481,18246
28029,Copiah,MS,474,26762,533,23041
28031,Covington,MS,391,15861,413,16585
28033,DeSoto,MS,6197,328516,5746,305139
28035,Forrest,MS,2573,119110,2639,126496
28037,Franklin,MS,136,6429,155,8443
28039,George,MS,563,32637,467,22805
28041,Greene,MS,225,10447,241,11757
28043,Grenada,MS,449,17089,484,21012
28045,Hancock,MS,1348,93555,1242,59890
28047,Harrison,MS,6288,330192,6198,307346
28049,Hinds,MS,4226,181014,5619,313406
28051,Holmes,MS,237,7339,401,12032
28053,Humphreys,MS,101,3385,143,4835
28057,Itawamba,MS,574,23182,523,24575
28059,Jackson,MS,3847,223035,3645,192025
28061,Jasper,MS,342,15450,368,18101
28063,Jefferson,MS,96,3995,127,5783
28065,Jefferson Davis,MS,243,9050,250,9435
28067,Jones,MS,1128,54973,1207,53368
28069,Kemper,MS,149,5235,165,7065
28071,Lafayette,MS,1901,127224,1845,101992
28073,Lamar,MS,2275,130696,2321,127174
28075,Lauderdale,MS,1171,57169,1539,76196
28077,Lawrence,MS,209,8879,235,8904
28079,Leake,MS,343,13888,418,16583
28081,Lee,MS,2078,103204,2071,106955
28083,Leflore,MS,439,13617,574,24173
28085,Lincoln,MS,593,26958,631,30346
28087,Lowndes,MS,1405,72042,1513,83620
28089,Madison,MS,3376,297738,3219,253227
28091,Marion,MS,457,21481,394,17283
28093,Marshall,MS,1131,66501,969,45326
28095,Monroe,MS,643,28169,646,29792
28097,Montgomery,MS,224,9347,205,8200
28099,Neshoba,MS,434,16986,501,22850
28101,Newton,MS,429,16925,446,18051
28103,Noxubee,MS,141,4889,190,8047
28105,Oktibbeha,MS,1586,91891,1800,94561
28107,Panola,MS,709,28689,682,30136
28109,Pearl River,MS,1306,69716,1065,51086
28111,Perry,MS,253,10028,257,11500
28113,Pike,MS,768,32851,888,35258
28115,Pontotoc,MS,731,30228,762,29936
28117,Prentiss,MS,529,19879,484,18106
28119,Quitman,MS,134,3709,169,5702
28121,Rankin,MS,3788,210192,3735,247621
28123,Scott,MS,429,18518,519,21897
28125,Sharkey,MS,69,1834,113,3929
28127,Simpson,MS,495,21930,525,21294
28129,Smith,MS,291,13054,313,15016
28131,Stone,MS,497,24607,395,17960
28133,Sunflower,MS,378,11836,537,18148
28135,Tallahatchie,MS,161,5706,264,8603
28137,Tate,MS,697,35814,700,31203
28139,Tippah,MS,395,15954,402,16504
28141,Tishomingo,MS,431,21042,405,18069
28143,Tunica,MS,283,7871,345,10422
28145,Union,MS,673,31195,685,29110
28147,Walthall,MS,278,10361,291,11416
28149,Warren,MS,721,32407,843,42767
28151,Washington,MS,707,22049,985,39451
28153,Wayne,MS,286,12434,346,15463
28155,Webster,MS,229,11704,188,7714
28157,Wilkinson,MS,103,5889,158,6044
28159,Winston,MS,286,13344,288,10846
28161,Yalobusha,MS,299,13705,297,12797
28163,Yazoo,MS,326,13245,382,14979
29001,Adair,MO,662,26976,724,33576
29003,Andrew,MO,541,32052,504,26374
29005,Atchison,MO,91,4610,81,3637
29007,Audrain,MO,578,27972,575,26107
29009,Barry,MO,1041,56574,952,42845
29011,Barton,MO,289,12886,280,11000
29013,Bates,MO,417,21511,386,17283
29015,Benton,MO,639,34744,482,22725
29017,Bollinger,MO,298,11820,267,10134
29019,Boone,MO,5549,311112,5583,342857
29021,Buchanan,MO,1859,85490,1949,109426
29023,Butler,MO,880,40360,944,44598
29025,Caldwell,MO,200,10404,217,11474
29027,Callaway,MO,1320,66196,1125,51103
29029,Camden,MO,1682,155546,1540,93790
29031,Cape Girardeau,MO,1933,96003,1995,113462
29033,Carroll,MO,165,7522,182,7977
29035,Carter,MO,137,7486,109,5002
29037,Cass,MO,3965,299974,3276,227966
29039,Cedar,MO,406,20361,381,15125
29041,Chariton,MO,124,6146,132,6282
29043,Christian,MO,3325,216835,3065,197384
29045,Clark,MO,90,4079,131,6854
29047,Clay,MO,8789,537099,8194,532293
29049,Clinton,MO,749,48978,731,39637
29051,Cole,MO,1969,99854,2009,106285
29053,Cooper,MO,418,21934,420,18506
29055,Crawford,MO,640,28819,594,25286
29057,Dade,MO,229,11037,163,6086
29059,Dallas,MO,551,27297,467,20677
29061,Daviess,MO,242,15964,206,9834
29063,DeKalb,MO,286,14843,316,14371
29065,Dent,MO,337,15922,321,11889
29067,Douglas,MO,352,16741,347,14627
29069,Dunklin,MO,507,17323,600,22007
29071,Franklin,MO,2434,162240,2181,124013
29073,Gasconade,MO,359,16846,370,18655
29075,Gentry,MO,136,6307,135,6091
29077,Greene,MO,8898,453760,8403,466846
29079,Grundy,MO,210,8348,235,9649
29081,Harrison,MO,139,5450,181,8424
29083,Henry,MO,681,34338,619,29362
29085,Hickory,MO,332,18415,242,11577
29087,Holt,MO,72,3196,101,5267
29089,Howard,MO,258,12163,199,8964
29091,Howell,MO,837,38683,860,37719
29093,Iron,MO,219,10116,248,9682
29095,Jackson,MO,20295,1281126,19651,1323434
29097,Jasper,MO,3407,159434,3006,149759
29099,Jefferson,MO,5591,336353,4981,281193
29101,Johnson,MO,2184,108849,2142,108963
29103,Knox,MO,53,2478,72,3148
29105,Laclede,MO,862,39370,839,43665
29107,Lafayette,MO,940,50185,870,40507
29109,Lawrence,MO,1076,49188,1091,48366
29111,Lewis,MO,157,7478,190,8588
29113,Lincoln,MO,1890,117117,1479,84815
29115,Linn,MO,258,12414,278,13036
29117,Livingston,MO,362,16901,315,15486
29119,McDonald,MO,702,32819,757,29318
29121,Macon,MO,363,17810,360,16066
29123,Madison,MO,310,12185,273,10722
29125,Maries,MO,202,10030,216,8900
29127,Marion,MO,661,33094,676,36644
29129,Mercer,MO,84,4320,87,3451
29131,Miller,MO,743,33241,726,29879
29133,Mississippi,MO,183,6946,257,11473
29135,Moniteau,MO,334,15140,316,15049
29137,Monroe,MO,224,10361,220,10226
29139,Montgomery,MO,299,14486,283,12191
29141,Morgan,MO,679,45135,561,32737
29143,New Madrid,MO,359,14309,404,16402
29145,Newton,MO,2023,105379,1949,92061
29147,Nodaway,MO,431,18431,672,32391
29149,Oregon,MO,257,11992,230,8480
29151,Osage,MO,246,11919,269,14256
29153,Ozark,MO,298,16506,256,9093
29155,Pemiscot,MO,279,9534,345,14932
29157,Perry,MO,313,16502,336,15854
29159,Pettis,MO,968,44236,958,44207
29161,Phelps,MO,1244,56588,1310,63504
29163,Pike,MO,332,16035,355,15695
29165,Platte,MO,5129,356874,4808,371811
29167,Polk,MO,946,50370,923,40572
29169,Pulaski,MO,2390,126395,2450,135115
29171,Putnam,MO,93,4570,110,4537
29173,Ralls,MO,298,16154,283,19139
29175,Randolph,MO,547,25941,568,28026
29177,Ray,MO,650,35686,687,32765
29179,Reynolds,MO,102,4682,116,4665
29181,Ripley,MO,317,14483,258,9628
29183,St. Charles,MO,10386,767121,9808,696366
29185,St. Clair,MO,275,13492,206,8832
29186,Ste. Genevieve,MO,398,21378,413,22982
29187,St. Francois,MO,1490,68882,1324,59888
29189,St. Louis,MO,22969,1637893,25289,2009415
29195,Saline,MO,470,19593,483,21454
29197,Schuyler,MO,60,2672,92,4600
29199,Scotland,MO,45,2309,78,5040
29201,Scott,MO,955,42057,1014,43573
29203,Shannon,MO,174,7032,179,7796
29205,Shelby,MO,107,5170,111,5093
29207,Stoddard,MO,632,25392,603,25992
29209,Stone,MO,1289,98515,1097,61565
29211,Sullivan,MO,137,6795,156,6573
29213,Taney,MO,1939,101088,1973,106045
29215,Texas,MO,614,34677,574,23170
29217,Vernon,MO,426,18997,398,16006
29219,Warren,MO,1324,78637,1088,64417
29221,Washington,MO,555,25006,454,18922
29223,Wayne,MO,306,13909,261,11163
29225,Webster,MO,1325,69385,1165,57452
29227,Worth,MO,24,1366,29,1066
29229,Wright,MO,540,24856,469,19979
29510,St. Louis,MO,12262,647996,13633,918309
30001,Beaverhead,MT,371,23010,320,14593
30003,Big Horn,MT,198,9447,229,10910
30005,Blaine,MT,69,2962,110,3837
30007,Broadwater,MT,323,25560,227,13629
30009,Carbon,MT,412,32437,361,22973
30013,Cascade,MT,2439,147490,2444,144216
30015,Chouteau,MT,131,7478,118,4993
30017,Custer,MT,289,14890,298,17902
30021,Dawson,MT,217,10530,230,11814
30023,Deer Lodge,MT,319,20741,257,14969
30025,Fallon,MT,30,1197,68,4021
30027,Fergus,MT,307,19190,281,16076
30029,Flathead,MT,3495,319945,2814,197883
30031,Gallatin,MT,5356,430334,5009,371544
30035,Glacier,MT,178,8358,189,12206
30039,Granite,MT,157,11494,88,5869
30041,Hill,MT,342,16356,338,17670
30043,Jefferson,MT,496,40084,414,25694
30045,Judith Basin,MT,36,2097,41,1998
30047,Lake,MT,915,75204,731,45852
30049,Lewis and Clark,MT,2176,148681,1991,127947
30051,Liberty,MT,30,985,68,1097
30053,Lincoln,MT,628,52990,459,26188
30057,Madison,MT,391,31759,346,22354
30059,Meagher,MT,45,2885,40,1446
30061,Mineral,MT,185,11767,141,7684
30063,Missoula,MT,4176,259213,3714,218722
30065,Musselshell,MT,128,7855,141,7116
30067,Park,MT,778,84437,681,46251
30071,Phillips,MT,49,2255,52,2612
30073,Pondera,MT,130,6079,106,4820
30077,Powell,MT,178,10559,164,7514
30081,Ravalli,MT,1507,137776,1285,76702
30083,Richland,MT,258,13922,342,21350
30085,Roosevelt,MT,133,6632,158,8399
30087,Rosebud,MT,191,9293,183,10858
30089,Sanders,MT,415,31420,327,16764
30091,Sheridan,MT,20,1726,62,4975
30093,Silver Bow,MT,954,52488,842,41901
30095,Stillwater,MT,283,21763,313,20398
30097,Sweet Grass,MT,106,11090,91,5323
30099,Teton,MT,163,11417,147,8683
30101,Toole,MT,142,4512,103,4325
30105,Valley,MT,129,5642,174,10537
30107,Wheatland,MT,35,1096,38,2046
30111,Yellowstone,MT,4049,263123,3743,246269
31001,Adams,NE,714,36812,768,38398
31003,Antelope,NE,128,5820,128,8746
31011,Boone,NE,95,5226,101,5112
31013,Box Butte,NE,232,10975,249,12421
31015,Boyd,NE,22,1024,24,1019
31017,Brown,NE,47,2230,55,3550
31019,Buffalo,NE,1349,68489,1302,74808
31021,Burt,NE,150,8418,171,10296
31023,Butler,NE,177,10820,220,11845
31025,Cass,NE,867,58948,850,55532
31027,Cedar,NE,164,9514,184,8512
31029,Chase,NE,72,4428,79,5722
31031,Cherry,NE,122,6064,121,6386
31033,Cheyenne,NE,250,11690,249,11294
31035,Clay,NE,129,5769,148,8085
31037,Colfax,NE,220,10887,276,12543
31039,Cuming,NE,170,9631,211,10960
31041,Custer,NE,233,11103,245,13260
31043,Dakota,NE,566,23888,694,31765
31045,Dawes,NE,233,10363,266,11707
31047,Dawson,NE,609,32943,679,32514
31049,Deuel,NE,27,1096,62,2003
31051,Dixon,NE,108,5739,147,8420
31053,Dodge,NE,994,51594,989,52604
31055,Douglas,NE,14185,914967,14544,1074567
31059,Fillmore,NE,121,7003,107,5125
31061,Franklin,NE,70,2776,57,3096
31063,Frontier,NE,69,3530,71,3040
31065,Furnas,NE,111,4518,129,6747
31067,Gage,NE,511,26806,494,23925
31069,Garden,NE,21,1138,32,1363
31071,Garfield,NE,38,2621,45,1498
31073,Gosper,NE,44,3459,48,4129
31077,Greeley,NE,39,1771,52,2386
31079,Hall,NE,1371,65631,1619,86413
31081,Hamilton,NE,234,18640,223,13547
31083,Harlan,NE,55,3237,78,2692
31085,Hayes,NE,20,696,25,1296
31087,Hitchcock,NE,43,2293,53,2525
31089,Holt,NE,145,6552,201,8293
31093,Howard,NE,128,6428,131,7476
31095,Jefferson,NE,134,7359,205,8175
31097,Johnson,NE,89,5660,113,4966
31099,Kearney,NE,172,9343,157,8347
31101,Keith,NE,191,10607,228,11199
31105,Kimball,NE,88,3759,82,3273
31107,Knox,NE,130,7573,149,6034
31109,Lancaster,NE,6862,389193,6955,427454
31111,Lincoln,NE,692,33882,818,47256
31119,Madison,NE,921,47617,993,53406
31121,Merrick,NE,176,9708,193,11321
31123,Morrill,NE,95,3943,127,7091
31125,Nance,NE,56,2690,78,2986
31127,Nemaha,NE,143,9805,130,5727
31129,Nuckolls,NE,63,3450,91,3478
31131,Otoe,NE,441,26994,444,26341
31133,Pawnee,NE,49,1919,71,3243
31135,Perkins,NE,66,4056,58,3479
31137,Phelps,NE,194,10078,235,12279
31139,Pierce,NE,129,7839,180,10621
31141,Platte,NE,757,38126,919,53642
31143,Polk,NE,120,6021,126,5450
31145,Red Willow,NE,215,10105,255,12702
31147,Richardson,NE,131,6890,127,7313
31149,Rock,NE,34,1797,25,1082
31151,Saline,NE,333,17575,387,19207
31153,Sarpy,NE,8168,558262,7409,520792
31155,Saunders,NE,662,65199,653,45096
31157,Scotts Bluff,NE,720,36793,746,40492
31159,Seward,NE,451,24703,447,25203
31161,Sheridan,NE,109,5665,130,6357
31163,Sherman,NE,45,1946,72,2633
31167,Stanton,NE,161,9251,142,8376
31169,Thayer,NE,105,4787,100,4661
31173,Thurston,NE,110,5657,123,4963
31175,Valley,NE,75,3019,94,3472
31177,Washington,NE,594,45591,670,50915
31179,Wayne,NE,222,11265,263,12941
31181,Webster,NE,63,2635,62,2423
31185,York,NE,367,19472,403,23230
32001,Churchill,NV,889,56412,931,53805
32003,Clark,NV,51754,4339284,44738,3166912
32005,Douglas,NV,1983,286924,1753,264838
32007,Elko,NV,1337,80448,1423,98047
32011,Eureka,NV,76,4704,69,4725
32013,Humboldt,NV,432,27394,521,37483
32015,Lander,NV,137,7075,130,9363
32017,Lincoln,NV,98,6014,98,3876
32019,Lyon,NV,2710,185622,2156,123703
32021,Mineral,NV,117,5527,93,5323
32023,Nye,NV,1905,121182,1540,88450
32027,Pershing,NV,127,6199,168,10343
32029,Storey,NV,196,13893,158,10322
32031,Washoe,NV,12767,1329235,11838,1096961
32033,White Pine,NV,200,13892,212,13126
32510,Carson City,NV,2237,172240,2215,157870
33001,Belknap,NH,2328,302183,2139,170908
33003,Carroll,NH,1814,234897,1539,125704
33005,Cheshire,NH,2032,158153,1855,127580
33007,Coos,NH,827,64083,781,46644
33009,Grafton,NH,3509,367361,3391,290935
33011,Hillsborough,NH,11676,991943,11611,1002476
33013,Merrimack,NH,4824,438318,4452,378405
33015,Rockingham,NH,9763,1212844,9361,870181
33017,Strafford,NH,4281,308227,3903,336688
33019,Sullivan,NH,1344,131301,1198,103509
34001,Atlantic,NJ,5063,419141,5475,431301
34003,Bergen,NJ,22412,2582666,24420,2767546
34005,Burlington,NJ,12965,989487,12299,979151
34007,Camden,NJ,12550,902784,12709,963807
34009,Cape May,NJ,2560,304312,2662,276856
34011,Cumberland,NJ,2370,116736,2454,136080
34013,Essex,NJ,19471,1875380,23097,2127458
34015,Gloucester,NJ,7526,523121,7094,503314
34017,Hudson,NJ,29626,3216910,30424,4046486
34019,Hunterdon,NJ,3534,386445,3722,436746
34021,Mercer,NJ,8613,852045,10352,1102258
34023,Middlesex,NJ,21538,1870861,25006,2391872
34025,Monmouth,NJ,13616,1806969,15317,1792776
34027,Morris,NJ,12912,1732598,14166,1868667
34029,Ocean,NJ,12683,1259015,12397,1087501
34031,Passaic,NJ,10632,738415,13511,960062
34033,Salem,NJ,1691,103071,1589,104114
34035,Somerset,NJ,10754,1226354,11486,1450730
34037,Sussex,NJ,3925,328545,3801,309146
34039,Union,NJ,14901,1438296,16779,1502153
34041,Warren,NJ,3259,236378,3211,227312
35001,Bernalillo,NM,14443,861082,15244,1054714
35003,Catron,NM,101,5611,69,3098
35005,Chaves,NM,930,47679,1172,69325
35006,Cibola,NM,469,17372,492,17547
35007,Colfax,NM,286,16760,320,19748
35009,Curry,NM,1745,83907,1852,99069
35011,De Baca,NM,22,959,26,1114
35013,Do�a Ana,NM,5072,272594,4965,257772
35015,Eddy,NM,1391,88181,1387,113411
35017,Grant,NM,642,31360,598,29983
35019,Guadalupe,NM,62,2384,71,2349
35023,Hidalgo,NM,96,4106,126,6548
35025,Lea,NM,1200,58307,1341,84408
35027,Lincoln,NM,608,44158,648,39459
35028,Los Alamos,NM,820,73381,860,93530
35029,Luna,NM,457,15322,574,24491
35031,McKinley,NM,944,37508,1423,61858
35033,Mora,NM,84,3992,62,2825
35035,Otero,NM,2396,114218,2259,124124
35037,Quay,NM,157,6241,176,7699
35039,Rio Arriba,NM,705,41202,735,36622
35041,Roosevelt,NM,572,20588,593,26311
35043,Sandoval,NM,5180,402981,4378,289973
35045,San Juan,NM,1966,103178,2043,105281
35047,San Miguel,NM,512,23355,542,25511
35049,Santa Fe,NM,4641,432797,4297,353524
35051,Sierra,NM,347,16694,303,11475
35053,Socorro,NM,376,14706,444,21233
35055,Taos,NM,807,59209,784,48052
35057,Torrance,NM,531,26987,438,23026
35059,Union,NM,72,2573,105,6016
35061,Valencia,NM,2082,113746,1668,81644
36001,Albany,NY,8922,592641,9432,750978
36003,Allegany,NY,827,41731,908,42993
36005,Bronx,NY,22952,1000256,39271,2029359
36007,Broome,NY,3127,164956,3836,242935
36009,Cattaraugus,NY,1346,69956,1467,72770
36011,Cayuga,NY,1348,74701,1376,77521
36013,Chautauqua,NY,1716,91944,1829,96723
36015,Chemung,NY,1591,85537,1770,117730
36017,Chenango,NY,973,53358,1123,58586
36019,Clinton,NY,1168,67920,1257,71239
36021,Columbia,NY,1521,174740,1633,156664
36023,Cortland,NY,970,52900,1081,59015
36025,Delaware,NY,1081,77610,1027,64927
36027,Dutchess,NY,6873,666493,7352,628480
36029,Erie,NY,11719,714039,14346,1010679
36031,Essex,NY,934,69266,921,61284
36033,Franklin,NY,755,43491,813,45909
36035,Fulton,NY,1172,67297,1133,64769
36037,Genesee,NY,1201,61632,1171,65764
36039,Greene,NY,1332,101255,1307,109566
36041,Hamilton,NY,155,13939,133,7838
36043,Herkimer,NY,1164,63048,1275,68327
36045,Jefferson,NY,4057,204674,4485,238328
36047,Kings,NY,66119,6276586,76904,7085734
36049,Lewis,NY,483,26465,533,27359
36051,Livingston,NY,1304,78853,1322,82285
36053,Madison,NY,1652,104447,1730,112868
36055,Monroe,NY,11261,745424,13243,975736
36057,Montgomery,NY,1250,61409,1233,59521
36059,Nassau,NY,26522,2944298,32906,3626789
36061,New York,NY,80778,11219192,76506,14014667
36063,Niagara,NY,3745,217418,3907,221952
36065,Oneida,NY,3380,182548,3829,215379
36067,Onondaga,NY,7797,495575,9242,654976
36069,Ontario,NY,2967,236158,3075,217015
36071,Orange,NY,8978,657890,10032,765919
36073,Orleans,NY,816,37270,841,37566
36075,Oswego,NY,2184,129021,2200,114690
36077,Otsego,NY,1332,78646,1434,91904
36079,Putnam,NY,2755,266614,3058,327750
36081,Queens,NY,48568,3336380,65677,5161505
36083,Rensselaer,NY,4843,286739,4831,309687
36085,Richmond,NY,8980,518181,10723,878089
36087,Rockland,NY,4756,451794,7140,761745
36089,St. Lawrence,NY,1309,85269,1480,88613
36091,Saratoga,NY,6807,598932,6530,513701
36093,Schenectady,NY,4349,263301,4250,283536
36095,Schoharie,NY,678,40408,684,37497
36097,Schuyler,NY,444,25406,429,22865
36099,Seneca,NY,733,38627,744,43428
36101,Steuben,NY,1860,111177,2014,134272
36103,Suffolk,NY,23606,2744619,29374,3551532
36105,Sullivan,NY,2007,163530,2076,166210
36107,Tioga,NY,1228,66869,1258,70040
36109,Tompkins,NY,3097,201734,3681,257619
36111,Ulster,NY,4641,527900,4476,356310
36113,Warren,NY,2038,140998,1902,125768
36115,Washington,NY,1429,81839,1481,81323
36117,Wayne,NY,1988,124176,2046,118220
36119,Westchester,NY,21798,3144914,25440,3424447
36121,Wyoming,NY,740,40416,860,44293
36123,Yates,NY,494,40521,521,30707
37001,Alamance,NC,5518,328780,4543,247580
37003,Alexander,NC,832,48698,733,36575
37005,Alleghany,NC,250,17044,232,19977
37007,Anson,NC,469,21119,452,18222
37009,Ashe,NC,655,52799,542,31589
37011,Avery,NC,485,44903,463,45735
37013,Beaufort,NC,1161,68848,1104,60341
37015,Bertie,NC,345,12986,350,13007
37017,Bladen,NC,738,32690,592,30625
37019,Brunswick,NC,7949,822572,4462,318587
37021,Buncombe,NC,9858,848217,8852,608929
37023,Burke,NC,2138,124846,1911,99907
37025,Cabarrus,NC,8862,614244,7778,503559
37027,Caldwell,NC,1851,105325,1545,79176
37029,Camden,NC,343,21941,323,18647
37031,Carteret,NC,2332,208221,2005,138189
37033,Caswell,NC,593,28012,486,22449
37035,Catawba,NC,4965,322825,4180,240899
37037,Chatham,NC,2963,408024,2270,238917
37039,Cherokee,NC,929,65219,728,40565
37041,Chowan,NC,346,21180,334,17285
37043,Clay,NC,474,33997,309,20150
37045,Cleveland,NC,2541,121661,2151,94878
37047,Columbus,NC,928,42148,935,37965
37049,Craven,NC,3959,242526,3525,198710
37051,Cumberland,NC,13182,613046,13920,754936
37053,Currituck,NC,1157,104722,962,62288
37055,Dare,NC,1270,118027,1252,103751
37057,Davidson,NC,5065,298931,3973,213987
37059,Davie,NC,1455,112930,1194,76320
37061,Duplin,NC,1091,52265,1043,44953
37063,Durham,NC,15300,1165677,14795,1164141
37065,Edgecombe,NC,1412,56984,1287,47431
37067,Forsyth,NC,10911,708727,10380,707895
37069,Franklin,NC,3061,221279,2134,127861
37071,Gaston,NC,7589,471849,6351,359698
37073,Gates,NC,222,11316,218,9364
37075,Graham,NC,131,6941,129,7399
37077,Granville,NC,1655,115887,1584,87725
37079,Greene,NC,527,22606,450,17442
37081,Guilford,NC,14859,866065,14859,893080
37083,Halifax,NC,918,43865,1011,46904
37085,Harnett,NC,6514,395159,5161,287199
37087,Haywood,NC,1896,138469,1496,101863
37089,Henderson,NC,3896,326037,3310,227459
37091,Hertford,NC,420,17376,437,21444
37093,Hoke,NC,2613,131909,2318,119657
37095,Hyde,NC,78,4022,65,3198
37097,Iredell,NC,7085,576254,5667,446045
37099,Jackson,NC,1432,93849,1299,82387
37101,Johnston,NC,8471,556539,6355,391058
37103,Jones,NC,278,13530,233,10482
37105,Lee,NC,2393,174058,2028,118848
37107,Lenoir,NC,1441,63012,1194,56823
37109,Lincoln,NC,3384,296215,2626,198414
37111,McDowell,NC,1033,65731,957,48643
37113,Macon,NC,1132,86964,885,61565
37115,Madison,NC,725,49783,579,34944
37117,Martin,NC,475,18983,432,16242
37119,Mecklenburg,NC,42944,3508594,39212,3517712
37121,Mitchell,NC,357,21615,315,14809
37123,Montgomery,NC,616,40974,548,32894
37125,Moore,NC,3634,338372,3151,253864
37127,Nash,NC,2702,143156,2547,129637
37129,New Hanover,NC,9346,751910,8039,520528
37131,Northampton,NC,440,22927,430,25363
37133,Onslow,NC,10957,586264,9961,520595
37135,Orange,NC,5779,519757,6598,565445
37137,Pamlico,NC,436,33870,311,16433
37139,Pasquotank,NC,1353,74954,1231,64164
37141,Pender,NC,2921,250938,2070,132841
37143,Perquimans,NC,475,34120,358,19401
37145,Person,NC,926,52195,704,39033
37147,Pitt,NC,5178,263586,4931,271529
37149,Polk,NC,749,62249,658,43952
37151,Randolph,NC,3272,169398,2975,146554
37153,Richmond,NC,747,31121,736,32583
37155,Robeson,NC,2107,77758,1971,84853
37157,Rockingham,NC,2164,118013,1788,82473
37159,Rowan,NC,4202,223524,3625,180552
37161,Rutherford,NC,1437,81098,1193,65352
37163,Sampson,NC,1303,55747,1238,52535
37165,Scotland,NC,768,32481,701,28511
37167,Stanly,NC,1818,117750,1271,74562
37169,Stokes,NC,1240,68605,1060,50750
37171,Surry,NC,1426,73834,1329,66715
37173,Swain,NC,460,24004,381,20368
37175,Transylvania,NC,977,89847,855,66271
37177,Tyrrell,NC,69,2840,70,2665
37179,Union,NC,7768,786010,6415,586680
37181,Vance,NC,992,43959,993,43055
37183,Wake,NC,39525,3346515,35573,2972514
37185,Warren,NC,546,35919,427,22939
37187,Washington,NC,213,8457,254,9476
37189,Watauga,NC,1678,127215,1911,109496
37191,Wayne,NC,3189,151516,3098,154435
37193,Wilkes,NC,1088,68060,978,50099
37195,Wilson,NC,1954,95202,1807,91562
37197,Yadkin,NC,871,43218,730,37725
37199,Yancey,NC,475,34611,349,16332
38001,Adams,ND,21,1860,29,1273
38003,Barnes,ND,235,14358,294,14778
38005,Benson,ND,66,4089,98,4234
38007,Billings,ND,26,1990,24,1246
38009,Bottineau,ND,134,8590,143,8007
38011,Bowman,ND,47,2951,40,4976
38013,Burke,ND,34,2638,47,2900
38015,Burleigh,ND,2586,158682,2525,160139
38017,Cass,ND,6084,333371,5606,360306
38019,Cavalier,ND,35,2053,80,4954
38021,Dickey,ND,80,3421,100,6076
38025,Dunn,ND,111,8184,114,11510
38027,Eddy,ND,50,2481,43,1832
38029,Emmons,ND,37,2271,55,2744
38031,Foster,ND,50,3902,72,4047
38035,Grand Forks,ND,2363,122637,2495,145810
38039,Griggs,ND,39,2484,38,1862
38041,Hettinger,ND,43,1695,50,2925
38043,Kidder,ND,33,1375,50,1991
38045,LaMoure,ND,56,3463,87,4470
38047,Logan,ND,26,1476,43,1940
38049,McHenry,ND,68,5328,117,6108
38053,McKenzie,ND,594,39626,490,40737
38055,McLean,ND,192,14073,210,14179
38057,Mercer,ND,171,10651,151,11278
38059,Morton,ND,1199,67144,1225,73445
38061,Mountrail,ND,324,18122,273,18805
38063,Nelson,ND,38,2355,52,2868
38065,Oliver,ND,30,1768,27,1194
38067,Pembina,ND,150,8910,172,10001
38069,Pierce,ND,49,2466,66,3427
38071,Ramsey,ND,271,15744,269,15460
38073,Ransom,ND,126,7184,145,9128
38075,Renville,ND,53,3582,56,2859
38077,Richland,ND,438,26122,447,26686
38079,Rolette,ND,131,5860,172,6794
38081,Sargent,ND,102,4961,100,5603
38085,Sioux,ND,29,632,36,1260
38089,Stark,ND,901,55681,897,60105
38091,Steele,ND,29,1918,44,3489
38093,Stutsman,ND,485,23869,469,26820
38095,Towner,ND,28,1034,48,3162
38097,Traill,ND,167,11062,190,11179
38099,Walsh,ND,180,9802,240,13151
38101,Ward,ND,2280,113356,2487,152849
38103,Wells,ND,58,3151,74,4587
38105,Williams,ND,1543,93635,1202,89111
39001,Adams,OH,503,21655,499,19149
39003,Allen,OH,2050,104646,2303,117123
39005,Ashland,OH,1323,65386,1309,65247
39007,Ashtabula,OH,1644,82509,1661,82802
39009,Athens,OH,1461,64883,1593,74798
39011,Auglaize,OH,1058,57883,1094,57085
39013,Belmont,OH,1045,54127,1109,58201
39015,Brown,OH,1186,61561,1102,51452
39017,Butler,OH,9677,589510,9850,586335
39019,Carroll,OH,653,35857,709,38816
39021,Champaign,OH,1036,58706,1026,48302
39023,Clark,OH,2752,139076,2840,145036
39025,Clermont,OH,6211,412970,5485,366094
39027,Clinton,OH,1175,62973,1183,63480
39029,Columbiana,OH,1745,88776,1921,90437
39031,Coshocton,OH,653,31054,554,24752
39033,Crawford,OH,1010,42679,1046,46374
39035,Cuyahoga,OH,21659,1450525,24956,2008956
39037,Darke,OH,906,44319,1000,49357
39039,Defiance,OH,861,39382,883,41432
39041,Delaware,OH,8387,868933,7422,683650
39043,Erie,OH,1863,105536,2045,107085
39045,Fairfield,OH,5454,332751,4887,289101
39047,Fayette,OH,711,32100,724,33445
39049,Franklin,OH,32875,1970671,35311,2684053
39051,Fulton,OH,996,70787,1069,54023
39053,Gallia,OH,468,20272,511,25437
39055,Geauga,OH,2127,210398,2419,257702
39057,Greene,OH,6231,377243,6107,398033
39059,Guernsey,OH,809,41188,740,36344
39061,Hamilton,OH,18673,1225073,20498,1589618
39063,Hancock,OH,1863,101746,2021,158106
39065,Hardin,OH,694,30980,674,29955
39067,Harrison,OH,310,15318,320,15290
39069,Henry,OH,646,33881,641,30268
39071,Highland,OH,959,42394,967,43986
39073,Hocking,OH,581,30483,663,31898
39075,Holmes,OH,589,30327,759,40788
39077,Huron,OH,1351,63754,1426,64624
39079,Jackson,OH,561,27517,576,25108
39081,Jefferson,OH,1188,55890,1218,58436
39083,Knox,OH,1415,96451,1410,85191
39085,Lake,OH,5109,320641,4861,310479
39087,Lawrence,OH,1029,53653,1046,46743
39089,Licking,OH,4872,326384,4693,306722
39091,Logan,OH,1141,65422,1163,61377
39093,Lorain,OH,6810,472998,6250,412824
39095,Lucas,OH,7462,409612,8430,522917
39097,Madison,OH,1475,115414,1287,89828
39099,Mahoning,OH,4446,221688,4516,223032
39101,Marion,OH,1288,58978,1240,57612
39103,Medina,OH,4691,372208,4915,342256
39105,Meigs,OH,378,16545,402,16887
39107,Mercer,OH,609,35108,746,39557
39109,Miami,OH,2887,178054,2710,160018
39111,Monroe,OH,220,12036,194,9212
39113,Montgomery,OH,12654,700673,13047,839108
39115,Morgan,OH,263,11393,291,12296
39117,Morrow,OH,1077,68192,964,49646
39119,Muskingum,OH,1694,84026,1591,76735
39121,Noble,OH,229,10733,230,9674
39123,Ottawa,OH,1160,88025,1169,69403
39125,Paulding,OH,370,16894,459,19185
39127,Perry,OH,872,49490,851,40297
39129,Pickaway,OH,1990,118623,1590,90507
39131,Pike,OH,591,27278,563,27059
39133,Portage,OH,4740,273537,4947,322492
39135,Preble,OH,892,46928,872,41565
39137,Putnam,OH,444,24751,605,30521
39139,Richland,OH,2474,117650,2456,119190
39141,Ross,OH,1449,71379,1514,72832
39143,Sandusky,OH,1284,60915,1244,62557
39145,Scioto,OH,1004,43440,1056,44863
39147,Seneca,OH,1304,59332,1184,55544
39149,Shelby,OH,1059,53623,1075,53192
39151,Stark,OH,6791,388806,6677,386276
39153,Summit,OH,12227,775776,12406,863413
39155,Trumbull,OH,3869,183338,3891,184618
39157,Tuscarawas,OH,1543,79305,1708,91294
39159,Union,OH,2625,270115,2036,177763
39161,Van Wert,OH,598,27417,623,29006
39163,Vinton,OH,303,13893,294,13129
39165,Warren,OH,7623,665074,7920,697375
39167,Washington,OH,1089,55521,1205,62948
39169,Wayne,OH,2180,118447,2506,138135
39171,Williams,OH,727,32415,773,36109
39173,Wood,OH,4293,256897,4264,274580
39175,Wyandot,OH,494,22537,521,23289
40001,Adair,OK,460,21395,432,16239
40003,Alfalfa,OK,79,3858,78,2938
40005,Atoka,OK,292,12042,256,10885
40007,Beaver,OK,111,5821,127,7141
40009,Beckham,OK,502,23766,491,26557
40011,Blaine,OK,196,11029,239,11642
40013,Bryan,OK,1438,69937,1160,61829
40015,Caddo,OK,517,24481,582,26172
40017,Canadian,OK,7030,447211,5204,334838
40019,Carter,OK,1188,57985,1044,58396
40021,Cherokee,OK,1202,53071,1124,49550
40023,Choctaw,OK,300,12355,326,13609
40027,Cleveland,OK,9805,531112,9839,561876
40029,Coal,OK,118,6135,113,3978
40031,Comanche,OK,3788,177584,4092,211151
40033,Cotton,OK,128,5871,135,5085
40035,Craig,OK,377,16515,319,14121
40037,Creek,OK,2346,153552,2163,114410
40039,Custer,OK,797,36759,837,40615
40041,Delaware,OK,1392,88667,1181,57503
40043,Dewey,OK,83,4331,102,4631
40045,Ellis,OK,55,2694,99,4509
40047,Garfield,OK,1461,73233,1588,83916
40049,Garvin,OK,704,32526,701,33479
40051,Grady,OK,1697,112304,1481,90715
40053,Grant,OK,64,2770,79,3482
40055,Greer,OK,107,3613,108,4664
40057,Harmon,OK,60,2357,39,1867
40059,Harper,OK,43,3281,45,1820
40061,Haskell,OK,318,14986,224,8352
40063,Hughes,OK,329,12745,317,13212
40065,Jackson,OK,816,41653,889,48718
40067,Jefferson,OK,116,4173,159,6449
40069,Johnston,OK,243,9897,259,10477
40071,Kay,OK,911,38244,935,43960
40073,Kingfisher,OK,378,24211,361,22593
40075,Kiowa,OK,168,7657,157,7402
40077,Latimer,OK,294,12821,281,11744
40079,Le Flore,OK,1015,46067,970,37997
40081,Lincoln,OK,1040,60010,931,41223
40083,Logan,OK,1716,126532,1461,97135
40085,Love,OK,305,13944,285,13430
40087,McClain,OK,1937,128591,1586,99928
40089,McCurtain,OK,413,16833,433,18120
40091,McIntosh,OK,648,31751,530,24632
40093,Major,OK,157,6757,130,6784
40095,Marshall,OK,471,25882,443,22516
40097,Mayes,OK,1096,57123,977,46058
40099,Murray,OK,389,21632,323,12816
40101,Muskogee,OK,1595,73009,1501,65754
40103,Noble,OK,308,15961,257,11539
40105,Nowata,OK,300,12132,226,8425
40107,Okfuskee,OK,288,12370,242,11139
40109,Oklahoma,OK,20706,1179951,20518,1278180
40111,Okmulgee,OK,915,42239,894,41267
40113,Osage,OK,1531,82607,1347,68047
40115,Ottawa,OK,782,34515,771,33520
40117,Pawnee,OK,527,24588,462,19908
40119,Payne,OK,2532,117239,2695,130745
40121,Pittsburg,OK,918,46949,885,40845
40123,Pontotoc,OK,942,46167,886,41260
40125,Pottawatomie,OK,2058,106813,1821,84590
40127,Pushmataha,OK,253,12882,208,9629
40129,Roger Mills,OK,54,2500,81,7205
40131,Rogers,OK,3245,218949,2939,166685
40133,Seminole,OK,607,25071,581,21886
40135,Sequoyah,OK,921,45965,837,33987
40137,Stephens,OK,966,45563,870,38788
40139,Texas,OK,400,17912,588,31439
40141,Tillman,OK,151,5795,160,6146
40143,Tulsa,OK,15651,936724,15232,998732
40145,Wagoner,OK,3380,224069,2805,156635
40147,Washington,OK,1342,87942,1325,81193
40149,Washita,OK,306,15124,357,14536
40151,Woods,OK,201,8505,193,7923
40153,Woodward,OK,438,17025,477,23466
41001,Baker,OR,373,22071,398,18423
41003,Benton,OR,3757,218716,4230,250069
41005,Clackamas,OR,13774,1250018,14111,1253376
41007,Clatsop,OR,1401,126482,1315,86599
41009,Columbia,OR,1529,101292,1345,81922
41011,Coos,OR,1639,100370,1533,83218
41013,Crook,OR,1054,86882,817,61933
41015,Curry,OR,753,45753,756,39947
41017,Deschutes,OR,7606,843689,6382,551590
41019,Douglas,OR,2456,130548,2189,119111
41021,Gilliam,OR,33,2978,39,1715
41023,Grant,OR,193,11834,175,11657
41025,Harney,OR,152,7268,170,8530
41027,Hood River,OR,726,71564,825,56570
41029,Jackson,OR,5033,325613,4989,306345
41031,Jefferson,OR,731,44879,663,37998
41033,Josephine,OR,2240,125165,2031,119356
41035,Klamath,OR,1648,91350,1629,87026
41037,Lake,OR,206,8922,212,11004
41039,Lane,OR,8746,521320,8742,500182
41041,Lincoln,OR,1809,144163,1622,120153
41043,Linn,OR,4061,221201,3474,195848
41045,Malheur,OR,685,28101,753,37188
41047,Marion,OR,8183,495790,8338,487819
41049,Morrow,OR,298,17022,321,15623
41051,Multnomah,OR,29535,2032134,30295,2807922
41053,Polk,OR,3234,193259,3212,186561
41055,Sherman,OR,42,2120,61,3774
41057,Tillamook,OR,832,73547,803,58588
41059,Umatilla,OR,1490,75054,1605,89732
41061,Union,OR,623,34006,647,34517
41063,Wallowa,OR,166,10433,178,11635
41065,Wasco,OR,707,47795,745,43071
41067,Washington,OR,18769,1574251,20154,1847534
41069,Wheeler,OR,35,2431,30,1327
41071,Yamhill,OR,3202,263030,3029,199062
42001,Adams,PA,2714,195132,2435,138342
42003,Allegheny,PA,22800,1653917,25464,2311440
42005,Armstrong,PA,1174,58183,1191,60807
42007,Beaver,PA,3464,211282,3186,244142
42009,Bedford,PA,733,41719,771,37113
42011,Berks,PA,7742,446763,8100,504269
42013,Blair,PA,1761,96692,1820,104152
42015,Bradford,PA,1015,60754,1090,64104
42017,Bucks,PA,13546,1329911,14837,1365319
42019,Butler,PA,4606,429451,4462,411573
42021,Cambria,PA,1987,97320,2185,113217
42023,Cameron,PA,58,3058,67,2158
42025,Carbon,PA,1792,103816,1596,91381
42027,Centre,PA,3217,205411,3921,255192
42029,Chester,PA,12686,1419457,13450,1515511
42031,Clarion,PA,644,32875,713,31608
42033,Clearfield,PA,1158,58859,1230,62055
42035,Clinton,PA,658,33741,696,33441
42037,Columbia,PA,1436,74108,1345,76369
42039,Crawford,PA,1403,69109,1462,72299
42041,Cumberland,PA,7971,528727,7167,515197
42043,Dauphin,PA,7797,438520,8245,523053
42045,Delaware,PA,12307,1198071,13789,1255455
42047,Elk,PA,318,16819,378,18218
42049,Erie,PA,3263,179026,3978,228492
42051,Fayette,PA,1860,94774,1938,114537
42053,Forest,PA,143,6793,149,4905
42055,Franklin,PA,3278,186643,2983,168533
42057,Fulton,PA,269,14033,271,12691
42059,Greene,PA,553,28240,559,29571
42061,Huntingdon,PA,739,42329,719,35095
42063,Indiana,PA,1512,72856,1536,76496
42065,Jefferson,PA,750,33830,825,35719
42067,Juniata,PA,353,18731,387,19114
42069,Lackawanna,PA,4014,215630,4084,274825
42071,Lancaster,PA,9507,650245,9530,596499
42073,Lawrence,PA,1582,81343,1576,81493
42075,Lebanon,PA,3081,182766,2982,172972
42077,Lehigh,PA,9637,638424,9970,666613
42079,Luzerne,PA,6056,297699,6135,321849
42081,Lycoming,PA,1819,100057,1752,104039
42083,McKean,PA,601,30181,694,34931
42085,Mercer,PA,1867,104473,2085,107071
42087,Mifflin,PA,670,31079,626,31368
42089,Monroe,PA,4277,293325,4768,305554
42091,Montgomery,PA,22293,2174834,22509,2354547
42093,Montour,PA,697,46516,689,60602
42095,Northampton,PA,8527,589445,8160,596149
42097,Northumberland,PA,1775,91976,1860,88205
42099,Perry,PA,988,58232,1030,54674
42101,Philadelphia,PA,36943,2529198,42151,3594877
42103,Pike,PA,2160,185091,1921,138879
42105,Potter,PA,287,14424,348,17918
42107,Schuylkill,PA,2970,141717,2630,130284
42109,Snyder,PA,771,37707,731,39043
42111,Somerset,PA,1018,60817,1152,66598
42113,Sullivan,PA,132,9958,122,7076
42115,Susquehanna,PA,817,50758,798,58802
42117,Tioga,PA,648,36735,701,36705
42119,Union,PA,883,52519,1006,76285
42121,Venango,PA,843,41726,914,40460
42123,Warren,PA,618,34826,646,32731
42125,Washington,PA,4423,370532,4296,323335
42127,Wayne,PA,1481,121368,1419,92773
42129,Westmoreland,PA,6367,429918,6310,406542
42131,Wyoming,PA,619,37815,568,32730
42133,York,PA,9858,622148,8927,552595
44001,Bristol,RI,1513,167735,1509,132764
44003,Kent,RI,5091,374809,4753,365369
44005,Newport,RI,2724,332255,2954,291636
44007,Providence,RI,14080,938726,14125,1033767
44009,Washington,RI,3353,361188,3549,313591
45001,Abbeville,SC,643,34884,573,26507
45003,Aiken,SC,4939,341178,4085,260065
45005,Allendale,SC,177,5204,177,7154
45007,Anderson,SC,5740,376831,4762,273979
45009,Bamberg,SC,253,9700,264,10939
45011,Barnwell,SC,416,18013,435,20032
45013,Beaufort,SC,7432,1089095,6841,557237
45015,Berkeley,SC,13222,960986,10136,684051
45017,Calhoun,SC,371,18511,355,16043
45019,Charleston,SC,17531,1825433,15608,1193728
45021,Cherokee,SC,1398,64533,1175,51230
45023,Chester,SC,924,44579,692,30822
45025,Chesterfield,SC,904,45285,863,36705
45027,Clarendon,SC,823,43468,716,30287
45029,Colleton,SC,988,54428,858,44232
45031,Darlington,SC,1556,70680,1528,70755
45033,Dillon,SC,521,20145,486,17382
45035,Dorchester,SC,8341,533372,6903,397991
45037,Edgefield,SC,933,64618,626,36398
45039,Fairfield,SC,558,28026,504,30413
45041,Florence,SC,3050,159821,2981,150823
45043,Georgetown,SC,2296,227719,1889,130364
45045,Greenville,SC,17849,1326145,14766,971462
45047,Greenwood,SC,1520,91055,1346,69327
45049,Hampton,SC,337,13967,377,15136
45051,Horry,SC,15027,1247073,9094,502050
45053,Jasper,SC,1849,168773,1083,60840
45055,Kershaw,SC,2295,140362,1698,95981
45057,Lancaster,SC,3789,349011,2714,220699
45059,Laurens,SC,1917,103833,1466,69929
45061,Lee,SC,334,11664,409,14810
45063,Lexington,SC,9458,615315,8361,526065
45065,McCormick,SC,423,40392,284,20923
45067,Marion,SC,629,24149,630,23115
45069,Marlboro,SC,433,15144,485,17237
45071,Newberry,SC,950,61103,740,44430
45073,Oconee,SC,2386,230136,1890,135659
45075,Orangeburg,SC,1627,71406,1786,77185
45077,Pickens,SC,4469,334202,3750,220035
45079,Richland,SC,13638,784336,13450,784525
45081,Saluda,SC,438,27890,447,24844
45083,Spartanburg,SC,10397,644103,7260,423486
45085,Sumter,SC,2940,147243,2813,145323
45087,Union,SC,455,21942,402,16860
45089,Williamsburg,SC,590,21663,589,22833
45091,York,SC,8542,718900,7642,534099
46003,Aurora,SD,44,2454,49,2649
46005,Beadle,SD,317,16100,450,20194
46007,Bennett,SD,29,915,52,1984
46009,Bon Homme,SD,140,5949,133,6192
46011,Brookings,SD,1026,54237,1079,58553
46013,Brown,SD,841,46282,965,54826
46015,Brule,SD,71,2603,126,5742
46017,Buffalo,SD,30,962,21,459
46019,Butte,SD,394,24627,350,17341
46023,Charles Mix,SD,116,6059,127,5873
46025,Clark,SD,43,1989,90,4355
46027,Clay,SD,550,25118,599,29278
46029,Codington,SD,760,50102,685,38777
46031,Corson,SD,34,1002,68,3270
46033,Custer,SD,411,44300,359,21374
46035,Davison,SD,540,27052,594,32306
46037,Day,SD,108,6843,121,6369
46039,Deuel,SD,96,4698,101,5420
46041,Dewey,SD,54,2119,68,3042
46043,Douglas,SD,42,2835,47,2643
46045,Edmunds,SD,53,2682,82,6808
46047,Fall River,SD,283,20286,293,14743
46049,Faulk,SD,35,2269,42,2676
46051,Grant,SD,142,7277,157,11782
46053,Gregory,SD,45,2778,47,1726
46055,Haakon,SD,27,1465,29,1737
46057,Hamlin,SD,125,7450,175,10986
46059,Hand,SD,43,1578,57,3461
46061,Hanson,SD,72,4216,168,10850
46065,Hughes,SD,487,29907,527,34246
46067,Hutchinson,SD,111,5157,156,8793
46069,Hyde,SD,30,1679,34,1398
46071,Jackson,SD,32,1315,42,1809
46073,Jerauld,SD,32,1828,26,1028
46077,Kingsbury,SD,130,9659,138,7945
46079,Lake,SD,335,23848,349,23005
46081,Lawrence,SD,1427,133112,986,63621
46083,Lincoln,SD,3902,285494,3027,230452
46085,Lyman,SD,60,2725,74,2906
46087,McCook,SD,125,7608,169,10740
46089,McPherson,SD,23,1175,28,2011
46091,Marshall,SD,59,3272,91,5087
46093,Meade,SD,1595,91502,1538,81912
46095,Mellette,SD,20,576,24,1046
46097,Miner,SD,36,2212,52,2448
46099,Minnehaha,SD,7146,499020,6523,439840
46101,Moody,SD,132,7410,134,7170
46102,Oglala Lakota,SD,139,5629,185,5817
46103,Pennington,SD,5030,375012,4568,296829
46105,Perkins,SD,32,2387,36,1614
46107,Potter,SD,37,1965,31,2864
46109,Roberts,SD,196,11561,198,8789
46111,Sanborn,SD,33,1721,45,2262
46115,Spink,SD,88,4446,148,9328
46117,Stanley,SD,114,7682,111,6089
46119,Sully,SD,32,3339,25,2950
46121,Todd,SD,78,2383,99,4450
46123,Tripp,SD,90,5421,96,3995
46125,Turner,SD,222,14683,216,11821
46127,Union,SD,607,44666,629,59758
46129,Walworth,SD,109,6544,115,5428
46135,Yankton,SD,607,36293,590,31127
47001,Anderson,TN,2977,188878,2476,142305
47003,Bedford,TN,1540,91100,1361,66492
47005,Benton,TN,469,21510,350,15801
47007,Bledsoe,TN,396,22233,281,11246
47009,Blount,TN,4231,315474,3684,258194
47011,Bradley,TN,3077,177003,2630,137707
47013,Campbell,TN,941,57855,740,39962
47015,Cannon,TN,571,32916,380,17395
47017,Carroll,TN,782,35720,643,25382
47019,Carter,TN,1773,88388,1427,63849
47021,Cheatham,TN,1695,111423,1480,94597
47023,Chester,TN,420,20816,433,20041
47025,Claiborne,TN,866,53439,665,30244
47027,Clay,TN,212,10601,146,5083
47029,Cocke,TN,1161,54281,865,36889
47031,Coffee,TN,2021,110981,1691,101343
47033,Crockett,TN,363,18219,340,13893
47035,Cumberland,TN,1987,147521,1466,74446
47037,Davidson,TN,31764,2609817,29882,2483154
47039,Decatur,TN,267,12531,237,11479
47041,DeKalb,TN,708,41881,565,27503
47043,Dickson,TN,1849,136369,1473,76439
47045,Dyer,TN,798,35435,771,40336
47047,Fayette,TN,1596,126451,1251,87889
47049,Fentress,TN,561,35327,360,17174
47051,Franklin,TN,1202,90071,1140,62659
47053,Gibson,TN,1372,76875,1168,54579
47055,Giles,TN,873,46374,703,33003
47057,Grainger,TN,813,46816,611,28344
47059,Greene,TN,1795,119461,1297,62099
47061,Grundy,TN,344,24410,270,11015
47063,Hamblen,TN,2009,116603,1653,74602
47065,Hamilton,TN,10765,819989,8913,611221
47067,Hancock,TN,119,5926,109,4103
47069,Hardeman,TN,562,32233,497,20403
47071,Hardin,TN,690,39465,586,29628
47073,Hawkins,TN,1767,97969,1450,65973
47075,Haywood,TN,349,15297,451,19352
47077,Henderson,TN,614,30071,503,20002
47079,Henry,TN,861,46307,718,29316
47081,Hickman,TN,770,41093,604,27701
47083,Houston,TN,253,11689,204,8177
47085,Humphreys,TN,567,30479,438,18935
47087,Jackson,TN,432,22829,332,14581
47089,Jefferson,TN,2297,137240,1767,85566
47091,Johnson,TN,407,27941,252,12611
47093,Knox,TN,14608,1054432,13090,873047
47095,Lake,TN,90,3020,94,3823
47097,Lauderdale,TN,456,17292,504,17712
47099,Lawrence,TN,994,52076,768,37013
47101,Lewis,TN,386,22698,315,13829
47103,Lincoln,TN,902,58379,821,40671
47105,Loudon,TN,2744,299871,1781,140483
47107,McMinn,TN,1763,93908,1340,62906
47109,McNairy,TN,663,31666,596,24844
47111,Macon,TN,712,34583,529,24256
47113,Madison,TN,2581,134752,2712,143665
47115,Marion,TN,832,64920,674,36726
47117,Marshall,TN,1324,81309,902,50683
47119,Maury,TN,4621,362830,3690,275596
47121,Meigs,TN,618,40419,438,22516
47123,Monroe,TN,1522,107692,1201,64879
47125,Montgomery,TN,11005,579652,9173,491905
47127,Moore,TN,201,11368,198,10722
47129,Morgan,TN,624,30365,458,20807
47131,Obion,TN,630,28232,636,29161
47133,Overton,TN,710,38981,508,23735
47135,Perry,TN,226,11642,151,6409
47137,Pickett,TN,121,9519,117,6034
47139,Polk,TN,572,32321,444,21476
47141,Putnam,TN,2614,157298,2508,127104
47143,Rhea,TN,931,57835,771,38394
47145,Roane,TN,1931,131748,1503,92277
47147,Robertson,TN,2779,196935,2331,136923
47149,Rutherford,TN,12650,775741,11575,658259
47151,Scott,TN,371,19971,253,11060
47153,Sequatchie,TN,535,40314,445,21771
47155,Sevier,TN,3147,178823,3155,164075
47157,Shelby,TN,14580,868200,19176,1411186
47159,Smith,TN,577,34073,529,24785
47161,Stewart,TN,379,19841,329,15382
47163,Sullivan,TN,4458,294441,3889,226607
47165,Sumner,TN,7817,601842,6246,407924
47167,Tipton,TN,1578,82724,1554,77463
47169,Trousdale,TN,392,22029,329,15157
47171,Unicoi,TN,549,30825,389,15684
47173,Union,TN,638,39369,569,27375
47175,Van Buren,TN,228,17197,127,6270
47177,Warren,TN,1064,66191,810,34330
47179,Washington,TN,4744,303529,4025,253573
47181,Wayne,TN,303,15954,261,10850
47183,Weakley,TN,817,37112,756,30415
47185,White,TN,951,50961,680,30658
47187,Williamson,TN,9257,1506107,8885,1105412
47189,Wilson,TN,7109,562402,5150,404596
48001,Anderson,TX,1233,70247,1172,60669
48003,Andrews,TX,397,24046,429,28016
48005,Angelina,TX,1735,97166,1742,80998
48007,Aransas,TX,1177,99433,974,65843
48009,Archer,TX,252,23651,205,14500
48011,Armstrong,TX,55,2978,70,4092
48013,Atascosa,TX,1634,87307,1430,70144
48015,Austin,TX,1063,75492,833,52091
48017,Bailey,TX,102,3387,180,7846
48019,Bandera,TX,921,90995,732,47300
48021,Bastrop,TX,4077,293889,3035,198817
48023,Baylor,TX,64,2786,63,2184
48025,Bee,TX,521,27553,645,32100
48027,Bell,TX,15756,840197,15154,788737
48029,Bexar,TX,45234,2855853,42550,3064862
48031,Blanco,TX,663,80163,430,34037
48035,Bosque,TX,641,58062,511,29173
48037,Bowie,TX,2375,115364,2431,142822
48039,Brazoria,TX,12658,888409,10082,710928
48041,Brazos,TX,7388,465248,7771,487432
48043,Brewster,TX,330,20034,335,24839
48045,Briscoe,TX,29,2045,27,1788
48047,Brooks,TX,107,4044,140,4721
48049,Brown,TX,974,70095,862,48159
48051,Burleson,TX,694,47799,552,29288
48053,Burnet,TX,2321,309120,1873,182988
48055,Caldwell,TX,2099,116913,1412,71981
48057,Calhoun,TX,483,30734,471,25920
48059,Callahan,TX,497,31879,410,23904
48061,Cameron,TX,4787,300908,5937,315504
48063,Camp,TX,386,21375,328,15545
48065,Carson,TX,149,9522,145,8597
48067,Cass,TX,755,41050,759,35473
48069,Castro,TX,120,5515,174,7399
48071,Chambers,TX,2155,161904,1585,114068
48073,Cherokee,TX,1243,82008,1193,63122
48075,Childress,TX,87,4033,120,5840
48077,Clay,TX,379,25057,322,16832
48079,Cochran,TX,61,2534,78,4330
48081,Coke,TX,98,5624,84,5649
48083,Coleman,TX,218,11782,185,9903
48085,Collin,TX,48663,4980014,41606,4091859
48087,Collingsworth,TX,36,1724,52,2345
48089,Colorado,TX,536,42805,516,31463
48091,Comal,TX,9799,1013901,6981,592136
48093,Comanche,TX,390,26130,337,24251
48095,Concho,TX,53,5504,64,2646
48097,Cooke,TX,1340,92079,1232,83323
48099,Coryell,TX,4110,205431,3754,186219
48101,Cottle,TX,24,899,28,1135
48103,Crane,TX,112,5419,124,6679
48105,Crockett,TX,42,1705,75,4410
48107,Crosby,TX,117,5290,158,7252
48109,Culberson,TX,77,5442,50,1953
48111,Dallam,TX,202,10980,290,14993
48113,Dallas,TX,76092,5830199,85025,7102160
48115,Dawson,TX,191,9099,261,18255
48117,Deaf Smith,TX,322,13801,422,22330
48119,Delta,TX,165,8469,155,7289
48121,Denton,TX,44763,4534785,38186,3311075
48123,DeWitt,TX,501,30847,457,23572
48125,Dickens,TX,47,2801,43,1723
48127,Dimmit,TX,140,5360,172,7379
48129,Donley,TX,84,6233,85,4910
48131,Duval,TX,195,6735,224,9343
48133,Eastland,TX,494,31537,420,20519
48135,Ector,TX,4330,221771,3993,272018
48137,Edwards,TX,46,3133,64,4005
48139,Ellis,TX,8851,619036,6034,370381
48141,El Paso,TX,14218,761230,16324,942862
48143,Erath,TX,1361,73655,1378,89921
48145,Falls,TX,445,21853,374,16754
48147,Fannin,TX,1182,72914,965,55741
48149,Fayette,TX,765,69805,635,43464
48151,Fisher,TX,87,5567,85,4324
48153,Floyd,TX,98,4525,142,7029
48157,Fort Bend,TX,27608,2239282,24222,2069054
48159,Franklin,TX,353,22832,341,24410
48161,Freestone,TX,556,29475,478,24040
48163,Frio,TX,323,18161,313,16469
48165,Gaines,TX,399,21766,454,27922
48167,Galveston,TX,10614,849636,9782,771216
48169,Garza,TX,70,3075,101,6254
48171,Gillespie,TX,897,134223,793,75231
48173,Glasscock,TX,25,1812,30,3181
48175,Goliad,TX,199,11520,187,10097
48177,Gonzales,TX,448,28480,461,24650
48179,Gray,TX,418,20726,490,25181
48181,Grayson,TX,5006,392503,3980,251354
48183,Gregg,TX,3852,209625,3915,213781
48185,Grimes,TX,1333,105458,890,53217
48187,Guadalupe,TX,8551,617517,6603,447844
48189,Hale,TX,519,22481,690,33015
48191,Hall,TX,68,3190,70,3440
48193,Hamilton,TX,318,23847,232,13780
48195,Hansford,TX,68,3844,105,9634
48197,Hardeman,TX,60,2965,92,5812
48199,Hardin,TX,1606,102529,1541,100960
48201,Harris,TX,93865,6964458,100357,8231183
48203,Harrison,TX,1917,123000,1886,106286
48205,Hartley,TX,156,8810,212,12682
48207,Haskell,TX,121,5903,135,6617
48209,Hays,TX,13678,1236551,10367,772994
48211,Hemphill,TX,38,2517,54,4354
48213,Henderson,TX,3051,238253,2448,134569
48215,Hidalgo,TX,8076,408009,8942,454862
48217,Hill,TX,1330,82257,1081,48386
48219,Hockley,TX,620,35382,614,33216
48221,Hood,TX,2750,241518,2194,162774
48223,Hopkins,TX,955,56341,919,46696
48225,Houston,TX,510,31054,458,21703
48227,Howard,TX,654,35655,737,45698
48229,Hudspeth,TX,54,2398,83,3381
48231,Hunt,TX,4743,311271,3483,196839
48233,Hutchinson,TX,477,26043,549,32838
48235,Irion,TX,38,2841,57,8846
48237,Jack,TX,285,21117,238,17210
48239,Jackson,TX,308,17467,350,17814
48241,Jasper,TX,895,55053,867,44460
48243,Jeff Davis,TX,51,5509,53,3670
48245,Jefferson,TX,4655,246315,5352,316383
48247,Jim Hogg,TX,50,2197,83,3688
48249,Jim Wells,TX,808,39398,881,43176
48251,Johnson,TX,8010,570877,5771,339491
48253,Jones,TX,508,27311,472,24147
48255,Karnes,TX,251,15722,266,22453
48257,Kaufman,TX,9827,629126,6498,451013
48259,Kendall,TX,2164,324846,1762,196798
48265,Kerr,TX,1585,138240,1434,100074
48267,Kimble,TX,99,6475,87,6374
48271,Kinney,TX,73,4605,70,5563
48273,Kleberg,TX,862,41016,1040,53000
48275,Knox,TX,79,3441,85,3542
48277,Lamar,TX,1037,58325,1034,48830
48279,Lamb,TX,239,10695,308,13148
48281,Lampasas,TX,884,59037,842,46381
48283,La Salle,TX,87,3522,108,11489
48285,Lavaca,TX,460,35033,468,24262
48287,Lee,TX,489,31203,396,20967
48289,Leon,TX,552,59489,484,28190
48291,Liberty,TX,4414,232892,2712,130107
48293,Limestone,TX,545,32144,534,26825
48295,Lipscomb,TX,63,3179,55,2988
48297,Live Oak,TX,290,17557,271,16960
48299,Llano,TX,963,138979,749,67330
48303,Lubbock,TX,7850,462233,7476,445051
48305,Lynn,TX,149,13113,156,10056
48307,McCulloch,TX,172,12168,227,13592
48309,McLennan,TX,5884,375889,5780,344133
48313,Madison,TX,321,18677,273,13685
48315,Marion,TX,377,21020,280,12516
48317,Martin,TX,144,15113,149,19886
48319,Mason,TX,103,12590,78,4005
48321,Matagorda,TX,820,51420,823,46765
48323,Maverick,TX,767,33768,991,43730
48325,Medina,TX,1709,121621,1525,91773
48327,Menard,TX,48,3748,56,1828
48329,Midland,TX,6399,502267,5581,576838
48331,Milam,TX,772,53041,653,33358
48333,Mills,TX,133,11971,124,7245
48335,Mitchell,TX,189,9969,170,8702
48337,Montague,TX,708,58067,571,29284
48339,Montgomery,TX,28186,2572546,19782,1718628
48341,Moore,TX,488,23210,606,30274
48343,Morris,TX,423,19549,368,14404
48345,Motley,TX,26,1231,27,1815
48347,Nacogdoches,TX,1619,81039,1638,73194
48349,Navarro,TX,1580,97052,1304,72703
48351,Newton,TX,294,15388,317,15168
48353,Nolan,TX,290,14351,310,15606
48355,Nueces,TX,7384,475990,8056,524369
48357,Ochiltree,TX,160,8117,221,12019
48359,Oldham,TX,68,4504,63,3399
48361,Orange,TX,2052,109522,1887,103395
48363,Palo Pinto,TX,1026,81653,837,42208
48365,Panola,TX,551,30764,508,28581
48367,Parker,TX,7257,683222,5230,396163
48369,Parmer,TX,172,7276,222,10891
48371,Pecos,TX,245,12519,303,20951
48373,Polk,TX,3026,262455,2874,230662
48375,Potter,TX,3758,198270,4064,216636
48377,Presidio,TX,144,10143,251,13332
48379,Rains,TX,476,29859,359,18204
48381,Randall,TX,5199,301316,4794,305655
48383,Reagan,TX,77,4173,100,5201
48385,Real,TX,108,8327,93,4522
48387,Red River,TX,327,22054,296,12989
48389,Reeves,TX,373,19015,394,24834
48391,Refugio,TX,158,7862,140,6920
48395,Robertson,TX,485,33559,415,21217
48397,Rockwall,TX,6326,636824,4860,402134
48399,Runnels,TX,254,14013,256,11666
48401,Rusk,TX,1487,88581,1351,68042
48403,Sabine,TX,336,25653,286,15333
48405,San Augustine,TX,185,10597,163,9250
48407,San Jacinto,TX,1095,67569,881,46727
48409,San Patricio,TX,2186,124222,2256,134141
48411,San Saba,TX,110,9246,120,5129
48413,Schleicher,TX,62,4041,63,3007
48415,Scurry,TX,297,15878,340,25202
48417,Shackelford,TX,75,8311,82,4321
48419,Shelby,TX,454,20095,494,22272
48421,Sherman,TX,43,2211,67,3754
48423,Smith,TX,6821,460906,6186,362443
48425,Somervell,TX,357,24093,307,20190
48427,Starr,TX,631,23187,811,32235
48429,Stephens,TX,197,13219,171,15708
48431,Sterling,TX,27,2420,45,2615
48433,Stonewall,TX,32,4013,28,1098
48435,Sutton,TX,80,4624,73,4740
48437,Swisher,TX,139,6242,150,6646
48439,Tarrant,TX,60863,4279650,58743,4324666
48441,Taylor,TX,4244,236833,4155,229821
48445,Terry,TX,253,11163,212,9535
48447,Throckmorton,TX,43,2211,51,2670
48449,Titus,TX,716,38432,770,39955
48451,Tom Green,TX,3155,183442,3155,168908
48453,Travis,TX,56045,5583113,55173,5730774
48455,Trinity,TX,527,31798,460,20314
48457,Tyler,TX,551,33372,536,25672
48459,Upshur,TX,1527,88372,1263,59409
48461,Upton,TX,78,4321,83,4287
48463,Uvalde,TX,483,27335,542,35443
48465,Val Verde,TX,1098,61691,1254,73624
48467,Van Zandt,TX,1999,130865,1637,83123
48469,Victoria,TX,1899,100675,1923,105590
48471,Walker,TX,2653,159510,2287,112356
48473,Waller,TX,2210,181516,2062,160139
48475,Ward,TX,346,19186,344,17772
48477,Washington,TX,1091,132758,827,51811
48479,Webb,TX,2182,117144,3357,178840
48481,Wharton,TX,812,47296,901,48278
48483,Wheeler,TX,110,6879,104,5421
48485,Wichita,TX,3427,192631,3711,217033
48487,Wilbarger,TX,291,11776,314,14346
48489,Willacy,TX,223,8298,335,13869
48491,Williamson,TX,32492,3161478,24973,2173323
48493,Wilson,TX,1677,131824,1431,96319
48495,Winkler,TX,205,12110,206,13194
48497,Wise,TX,3301,245477,2190,143059
48499,Wood,TX,1718,122762,1371,73792
48501,Yoakum,TX,145,7131,224,10577
48503,Young,TX,432,25069,428,26114
48505,Zapata,TX,118,5435,163,6842
48507,Zavala,TX,132,4738,185,7075
49001,Beaver,UT,139,7435,229,10647
49003,Box Elder,UT,1691,107884,1450,78629
49005,Cache,UT,3867,187151,4074,214701
49007,Carbon,UT,465,21739,440,21379
49009,Daggett,UT,30,1972,31,1475
49011,Davis,UT,11208,739081,11059,806647
49013,Duchesne,UT,468,26601,448,21472
49015,Emery,UT,221,11040,210,8614
49017,Garfield,UT,157,9884,144,8872
49019,Grand,UT,414,27272,438,24749
49021,Iron,UT,2264,130664,2049,100946
49023,Juab,UT,314,20960,271,14419
49025,Kane,UT,330,23859,283,17763
49027,Millard,UT,255,13743,269,12802
49029,Morgan,UT,347,36734,301,22070
49031,Piute,UT,28,1639,25,1194
49033,Rich,UT,67,5702,64,4604
49035,Salt Lake,UT,27858,1960353,30532,2352762
49037,San Juan,UT,296,15837,353,17329
49039,Sanpete,UT,673,42406,674,33762
49041,Sevier,UT,504,26667,465,21738
49043,Summit,UT,1857,505413,2025,283295
49045,Tooele,UT,2622,172682,2092,126498
49047,Uintah,UT,768,40825,750,37558
49049,Utah,UT,18832,1299432,16113,1118422
49051,Wasatch,UT,1406,265520,1313,142225
49053,Washington,UT,6520,539760,5059,350798
49055,Wayne,UT,42,2326,79,4064
49057,Weber,UT,8287,556377,7552,466664
50001,Addison,VT,949,78202,981,62022
50003,Bennington,VT,883,77728,927,63847
50005,Caledonia,VT,770,48239,751,40514
50007,Chittenden,VT,4999,368218,5205,391285
50009,Essex,VT,180,10967,172,6918
50011,Franklin,VT,1197,82379,1176,69282
50013,Grand Isle,VT,287,21682,308,28866
50015,Lamoille,VT,795,74017,891,59831
50017,Orange,VT,909,60380,916,54246
50019,Orleans,VT,675,38089,650,37647
50021,Rutland,VT,1334,88528,1203,70006
50023,Washington,VT,1603,120207,1674,108371
50025,Windham,VT,1186,84240,1220,80260
50027,Windsor,VT,1802,147761,1869,140577
51001,Accomack,VA,719,50406,764,40460
51003,Albemarle,VA,5037,506962,4725,457255
51005,Alleghany,VA,341,17679,345,16554
51007,Amelia,VA,393,22651,355,18078
51009,Amherst,VA,847,46833,743,37207
51011,Appomattox,VA,395,23409,317,15695
51013,Arlington,VA,17965,1686141,17570,2172340
51015,Augusta,VA,2109,145362,1932,115013
51017,Bath,VA,92,7306,100,4954
51019,Bedford,VA,2495,216881,2333,146208
51021,Bland,VA,119,5811,103,4528
51023,Botetourt,VA,1016,74208,1002,72424
51025,Brunswick,VA,331,17285,346,17596
51027,Buchanan,VA,229,9448,293,14769
51029,Buckingham,VA,387,18803,315,13748
51031,Campbell,VA,1944,106134,1685,87320
51033,Caroline,VA,1290,82983,1053,55783
51035,Carroll,VA,733,35135,530,22115
51036,Charles City,VA,196,18421,153,9554
51037,Charlotte,VA,250,10783,217,9012
51041,Chesterfield,VA,11977,896102,11393,790962
51043,Clarke,VA,614,52203,542,32987
51045,Craig,VA,79,3854,90,3729
51047,Culpeper,VA,1636,124215,1499,97647
51049,Cumberland,VA,338,17967,286,13857
51051,Dickenson,VA,206,8667,228,9606
51053,Dinwiddie,VA,856,39526,695,32545
51057,Essex,VA,289,17459,265,13354
51059,Fairfax,VA,38617,4053550,43381,4858256
51061,Fauquier,VA,2463,245408,2351,226741
51063,Floyd,VA,367,20805,280,13676
51065,Fluvanna,VA,929,71926,937,61071
51067,Franklin,VA,1327,105306,1162,82622
51069,Frederick,VA,3538,274691,2971,200612
51071,Giles,VA,404,23385,348,17096
51073,Gloucester,VA,1170,89232,1093,70952
51075,Goochland,VA,1475,218819,928,98246
51077,Grayson,VA,338,16024,303,13613
51079,Greene,VA,727,54302,598,36468
51081,Greensville,VA,235,8793,233,7183
51083,Halifax,VA,604,31241,562,27587
51085,Hanover,VA,3411,301113,3164,243827
51087,Henrico,VA,12405,930311,12242,1004498
51089,Henry,VA,1115,46650,1042,46966
51091,Highland,VA,33,2534,35,2042
51093,Isle of Wight,VA,1410,102601,1277,91508
51095,James City,VA,3119,288791,3043,261040
51097,King and Queen,VA,216,11678,147,8895
51099,King George,VA,1073,71794,954,74400
51101,King William,VA,641,40455,488,28094
51103,Lancaster,VA,373,49576,274,17253
51105,Lee,VA,322,14006,318,14124
51107,Loudoun,VA,13124,1537164,14084,1679191
51109,Louisa,VA,1462,122274,1108,88629
51111,Lunenburg,VA,249,11086,259,9994
51113,Madison,VA,392,29585,317,21844
51115,Mathews,VA,228,15293,214,15828
51117,Mecklenburg,VA,807,54909,668,39768
51119,Middlesex,VA,325,26654,287,20717
51121,Montgomery,VA,2961,177304,3346,202165
51125,Nelson,VA,431,37940,421,27758
51127,New Kent,VA,1314,172900,848,77517
51131,Northampton,VA,335,27957,326,19098
51133,Northumberland,VA,401,39526,322,27655
51135,Nottoway,VA,353,16234,339,15287
51137,Orange,VA,1565,113358,1361,87625
51139,Page,VA,453,30721,428,22246
51141,Patrick,VA,342,18044,358,16657
51143,Pittsylvania,VA,1199,55689,1286,58313
51145,Powhatan,VA,969,87809,743,58969
51147,Prince Edward,VA,623,29476,544,24572
51149,Prince George,VA,1715,92602,1740,93949
51153,Prince William,VA,15772,1206302,17806,1435962
51155,Pulaski,VA,779,43099,754,40618
51157,Rappahannock,VA,212,32289,206,14264
51159,Richmond,VA,197,9523,211,9410
51161,Roanoke,VA,3467,291977,3398,213956
51163,Rockbridge,VA,667,50176,617,50213
51165,Rockingham,VA,2410,149794,2021,120007
51167,Russell,VA,375,16976,347,18329
51169,Scott,VA,401,20351,329,12748
51171,Shenandoah,VA,1228,80227,1168,64377
51173,Smyth,VA,581,24983,498,23378
51175,Southampton,VA,460,23912,405,18032
51177,Spotsylvania,VA,5655,412464,5002,345336
51179,Stafford,VA,6541,472153,6393,490718
51181,Surry,VA,197,11186,187,10057
51183,Sussex,VA,308,12784,288,14081
51185,Tazewell,VA,682,31526,703,33212
51187,Warren,VA,1460,107626,1257,84411
51191,Washington,VA,1260,70371,1191,70496
51193,Westmoreland,VA,741,51292,576,36002
51195,Wise,VA,664,27256,635,27619
51197,Wythe,VA,650,35919,529,24759
51199,York,VA,3404,241180,3531,251890
51510,Alexandria,VA,12862,1243069,12563,1328208
51520,Bristol,VA,702,35419,635,26560
51530,Buena Vista,VA,232,8086,257,11897
51540,Charlottesville,VA,2465,215025,2854,226642
51550,Chesapeake,VA,9662,582001,9901,617508
51570,Colonial Heights,VA,880,40787,822,42242
51580,Covington,VA,180,6816,202,8505
51590,Danville,VA,1158,51881,1066,48349
51595,Emporia,VA,198,6447,218,7453
51600,Fairfax,VA,1743,163800,1575,138166
51610,Falls Church,VA,1044,132624,1032,124031
51620,Franklin,VA,340,15852,314,13004
51630,Fredericksburg,VA,2221,138069,2168,157820
51640,Galax,VA,251,9990,266,10704
51650,Hampton,VA,6585,296367,6814,327809
51660,Harrisonburg,VA,1826,83102,2144,110301
51670,Hopewell,VA,1104,42945,957,37633
51678,Lexington,VA,308,22732,248,15970
51680,Lynchburg,VA,3029,153410,3146,201004
51683,Manassas,VA,1975,126720,2219,145547
51685,Manassas Park,VA,1033,61045,1114,68264
51690,Martinsville,VA,461,16434,484,20481
51700,Newport News,VA,7889,363017,8498,414208
51710,Norfolk,VA,11595,602131,12169,674641
51720,Norton,VA,129,4722,148,6618
51730,Petersburg,VA,2007,75224,1883,75382
51735,Poquoson,VA,458,37278,442,35398
51740,Portsmouth,VA,4386,190707,4444,207533
51750,Radford,VA,819,32126,713,31800
51760,Richmond,VA,12809,763216,12162,846360
51770,Roanoke,VA,3807,191456,3591,258690
51775,Salem,VA,1044,58388,1059,59931
51790,Staunton,VA,1246,73136,1117,63697
51800,Suffolk,VA,4366,281660,3740,236547
51810,Virginia Beach,VA,16321,1051099,17276,1133653
51820,Waynesboro,VA,1211,69166,1005,51252
51830,Williamsburg,VA,1059,85220,1001,62284
51840,Winchester,VA,1546,92883,1589,98324
53001,Adams,WA,362,17024,477,21759
53003,Asotin,WA,682,42910,657,35889
53005,Benton,WA,6086,408698,5553,397501
53007,Chelan,WA,2553,226087,2493,168019
53009,Clallam,WA,2119,202689,1764,120290
53011,Clark,WA,15130,1387386,13477,1095517
53013,Columbia,WA,126,6545,115,6415
53015,Cowlitz,WA,2903,196188,2662,158589
53017,Douglas,WA,1528,104075,1567,90953
53019,Ferry,WA,213,12542,213,11671
53021,Franklin,WA,2735,161772,2827,158786
53023,Garfield,WA,38,1811,32,1533
53025,Grant,WA,2402,142439,2311,136139
53027,Grays Harbor,WA,1976,133796,1737,99033
53029,Island,WA,3844,343683,3686,268910
53031,Jefferson,WA,1242,117352,975,76612
53033,King,WA,66131,6741834,66293,8703888
53035,Kitsap,WA,9334,794099,8709,675066
53037,Kittitas,WA,1746,173921,1571,110372
53039,Klickitat,WA,811,67166,675,48345
53041,Lewis,WA,2437,161733,2086,112435
53043,Lincoln,WA,341,21687,304,16431
53045,Mason,WA,2222,167972,1887,123722
53047,Okanogan,WA,978,73518,942,61557
53049,Pacific,WA,804,59985,686,43111
53051,Pend Oreille,WA,511,34560,440,27223
53053,Pierce,WA,28102,2071906,26952,1906464
53055,San Juan,WA,580,71284,570,58359
53057,Skagit,WA,3736,311413,3486,258552
53059,Skamania,WA,415,44262,340,26032
53061,Snohomish,WA,23331,2325480,21881,2064275
53063,Spokane,WA,12103,791231,11488,758500
53065,Stevens,WA,1358,90372,1266,74348
53067,Thurston,WA,10888,746290,9741,663645
53069,Wahkiakum,WA,165,10620,118,6810
53071,Walla Walla,WA,1491,133946,1499,92364
53073,Whatcom,WA,6378,484859,5686,413282
53075,Whitman,WA,1937,90751,1958,109363
53077,Yakima,WA,3184,177308,3977,215568
54001,Barbour,WV,322,15362,312,12789
54003,Berkeley,WV,4464,268998,3199,179306
54005,Boone,WV,279,12032,351,15508
54007,Braxton,WV,167,6815,172,7438
54009,Brooke,WV,489,25396,552,26733
54011,Cabell,WV,2342,110350,2404,123180
54013,Calhoun,WV,76,2928,91,3565
54015,Clay,WV,132,5620,127,4379
54017,Doddridge,WV,106,6419,118,5762
54019,Fayette,WV,734,29108,758,32184
54021,Gilmer,WV,105,3868,139,6008
54023,Grant,WV,191,10098,178,7663
54025,Greenbrier,WV,635,38200,679,32587
54027,Hampshire,WV,584,38865,435,20830
54029,Hancock,WV,708,34324,653,28744
54031,Hardy,WV,327,19367,277,13773
54033,Harrison,WV,1376,72072,1286,77545
54035,Jackson,WV,514,24787,468,22138
54037,Jefferson,WV,2215,168048,1727,119466
54039,Kanawha,WV,3202,152964,3442,212994
54041,Lewis,WV,293,15738,332,15043
54043,Lincoln,WV,301,12037,364,16793
54045,Logan,WV,353,16169,379,17410
54047,McDowell,WV,176,6132,212,9141
54049,Marion,WV,1239,59292,1168,62424
54051,Marshall,WV,499,23267,599,33465
54053,Mason,WV,446,20879,433,18659
54055,Mercer,WV,905,38580,1064,44558
54057,Mineral,WV,540,26375,524,25852
54059,Mingo,WV,308,12313,370,15536
54061,Monongalia,WV,3237,182212,3173,228577
54063,Monroe,WV,249,10681,206,8465
54065,Morgan,WV,532,32792,406,19032
54067,Nicholas,WV,357,18166,372,14862
54069,Ohio,WV,951,50057,1038,58190
54071,Pendleton,WV,84,4774,135,6237
54073,Pleasants,WV,100,5094,175,8639
54075,Pocahontas,WV,153,7371,155,7391
54077,Preston,WV,526,35398,520,23931
54079,Putnam,WV,1392,84777,1450,88317
54081,Raleigh,WV,1205,56376,1209,60436
54083,Randolph,WV,447,21034,423,17106
54085,Ritchie,WV,124,5888,172,8490
54087,Roane,WV,235,10178,261,10760
54089,Summers,WV,218,10552,212,8408
54091,Taylor,WV,355,18719,330,18725
54093,Tucker,WV,126,7757,122,7132
54095,Tyler,WV,147,8037,205,10849
54097,Upshur,WV,354,15631,415,18367
54099,Wayne,WV,746,30775,788,35515
54101,Webster,WV,103,3659,108,4793
54103,Wetzel,WV,287,11600,297,14218
54105,Wirt,WV,63,3020,91,3137
54107,Wood,WV,1455,68931,1483,81374
54109,Wyoming,WV,179,6609,220,9371
55001,Adams,WI,761,47412,704,37704
55003,Ashland,WI,429,23058,414,21669
55005,Barron,WI,1107,67798,1147,64035
55007,Bayfield,WI,465,37590,391,23795
55009,Brown,WI,5782,406868,5622,365703
55011,Buffalo,WI,313,16842,384,20272
55013,Burnett,WI,492,46587,409,22223
55015,Calumet,WI,1715,114179,1677,143476
55017,Chippewa,WI,1755,111291,1752,92829
55019,Clark,WI,684,34374,753,37154
55021,Columbia,WI,1781,107915,1877,112471
55023,Crawford,WI,354,17741,424,20656
55025,Dane,WI,16480,1078357,15200,1175547
55027,Dodge,WI,2279,146627,2380,136978
55029,Door,WI,798,92420,855,66290
55031,Douglas,WI,1125,65805,1068,56191
55033,Dunn,WI,1270,70836,1309,70984
55035,Eau Claire,WI,3446,193540,3154,193711
55037,Florence,WI,130,9982,114,6612
55039,Fond du Lac,WI,2228,123142,2328,137012
55041,Forest,WI,196,13030,202,10407
55043,Grant,WI,1069,54215,1152,65100
55045,Green,WI,938,61584,909,53248
55047,Green Lake,WI,567,34584,614,36097
55049,Iowa,WI,582,41089,582,36110
55051,Iron,WI,180,13344,154,8093
55053,Jackson,WI,438,24085,438,21691
55055,Jefferson,WI,2417,143631,2379,144992
55057,Juneau,WI,762,44136,756,39120
55059,Kenosha,WI,4294,258361,4451,288850
55061,Kewaunee,WI,393,23387,464,26258
55063,La Crosse,WI,3039,166927,2932,171884
55065,Lafayette,WI,384,21428,376,23116
55067,Langlade,WI,462,25305,446,24913
55069,Lincoln,WI,750,43892,632,34294
55071,Manitowoc,WI,1480,84627,1481,81695
55073,Marathon,WI,2723,168194,2902,191185
55075,Marinette,WI,1156,68424,997,54277
55077,Marquette,WI,500,29443,496,23202
55078,Menominee,WI,99,5335,104,4581
55079,Milwaukee,WI,18221,1086308,20069,1492406
55081,Monroe,WI,1144,60912,1237,68065
55083,Oconto,WI,1012,82091,972,53263
55085,Oneida,WI,1126,92384,1125,77496
55087,Outagamie,WI,5718,366709,5570,391092
55089,Ozaukee,WI,2724,274714,2664,236130
55091,Pepin,WI,179,11723,169,11705
55093,Pierce,WI,1348,98038,1260,75860
55095,Polk,WI,1191,91612,1186,72132
55097,Portage,WI,1846,107615,1793,95534
55099,Price,WI,388,22290,396,19760
55101,Racine,WI,4642,311671,4577,287198
55103,Richland,WI,377,22252,395,18744
55105,Rock,WI,3589,204354,3504,207479
55107,Rusk,WI,339,18357,394,19861
55109,St. Croix,WI,2730,247480,2669,192786
55111,Sauk,WI,1854,121091,1895,99629
55113,Sawyer,WI,558,50358,439,29410
55115,Shawano,WI,1017,54432,1007,49865
55117,Sheboygan,WI,2192,136200,2339,136974
55119,Taylor,WI,381,19506,424,23965
55121,Trempealeau,WI,654,35464,764,39394
55123,Vernon,WI,662,37209,636,33566
55125,Vilas,WI,858,91477,745,60721
55127,Walworth,WI,3084,301287,3108,230105
55129,Washburn,WI,505,38634,485,32262
55131,Washington,WI,3327,252434,3401,247111
55133,Waukesha,WI,10950,950628,10608,959508
55135,Waupaca,WI,1260,67822,1269,69490
55137,Waushara,WI,704,44662,660,32440
55139,Winnebago,WI,5031,296812,4847,300917
55141,Wood,WI,1820,95550,1776,100225
56001,Albany,WY,1647,84992,1721,87482
56003,Big Horn,WY,323,20378,343,16611
56005,Campbell,WY,1145,70490,1153,86387
56007,Carbon,WY,458,26678,481,34200
56009,Converse,WY,356,22353,425,30196
56011,Crook,WY,246,20898,232,14550
56013,Fremont,WY,802,49304,842,52408
56015,Goshen,WY,329,18900,344,17754
56017,Hot Springs,WY,147,8405,133,6741
56019,Johnson,WY,286,20377,277,15521
56021,Laramie,WY,3498,222378,3184,203257
56023,Lincoln,WY,652,75059,613,42023
56025,Natrona,WY,1964,125223,1877,125080
56027,Niobrara,WY,70,3082,54,1983
56029,Park,WY,899,89244,846,51905
56031,Platte,WY,244,13439,278,14795
56033,Sheridan,WY,1017,85130,819,52639
56035,Sublette,WY,331,32196,245,16279
56037,Sweetwater,WY,838,47923,1009,66183
56039,Teton,WY,1097,202417,1179,149394
56041,Uinta,WY,464,27309,516,29430
56043,Washakie,WY,208,11179,215,10967
56045,Weston,WY,158,7578,166,7958
